resource_type,resource_name,public_access_enabled,encryption_enabled,versioning_enabled,logging_enabled,has_wildcard_permission,has_admin_privilege,has_priv_esc_potential,policy_length,allow_wildcard_action,allow_wildcard_resource,inbound_rule_count,outbound_rule_count,open_ports_to_world,ssh_open_to_world,rdp_open_to_world,all_ports_open,label,dangerous_service_wildcard,has_no_condition,source,bucket_policy_wildcard,mfa_delete_enabled,tls_enforced,db_port_open_to_world,egress_unrestricted,s3_missing_control_count
s3,misconfigured-test-bucket-ist584,0.0,1.0,0.0,0.0,0.0,0.0,0.0,0.0,0.0,0.0,0.0,0.0,0.0,0.0,0.0,0.0,1,0.0,0.0,0,0.0,0.0,0.0,0.0,0.0,0.0
s3,secure-test-bucket-ist584,0.0,1.0,1.0,1.0,0.0,0.0,0.0,0.0,0.0,0.0,0.0,0.0,0.0,0.0,0.0,0.0,0,0.0,0.0,0,0.0,0.0,0.0,0.0,0.0,0.0
iam,MisconfiguredWildcardPolicy,0.0,0.0,0.0,0.0,1.0,1.0,0.0,93.0,1.0,1.0,0.0,0.0,0.0,0.0,0.0,0.0,1,0.0,0.0,0,0.0,0.0,0.0,0.0,0.0,0.0
iam,MisconfiguredPrivEscPolicy,0.0,0.0,0.0,0.0,0.0,0.0,1.0,162.0,0.0,0.0,0.0,0.0,0.0,0.0,0.0,0.0,1,0.0,0.0,0,0.0,0.0,0.0,0.0,0.0,0.0
iam,SecureReadOnlyPolicy,0.0,0.0,0.0,0.0,0.0,0.0,0.0,162.0,0.0,0.0,0.0,0.0,0.0,0.0,0.0,0.0,0,0.0,0.0,0,0.0,0.0,0.0,0.0,0.0,0.0
security_group,misconfigured-sg-1,0.0,0.0,0.0,0.0,0.0,0.0,0.0,0.0,0.0,0.0,2.0,0.0,2.0,1.0,1.0,0.0,1,0.0,0.0,0,0.0,0.0,0.0,0.0,0.0,0.0
security_group,misconfigured-sg-2,0.0,0.0,0.0,0.0,0.0,0.0,0.0,0.0,0.0,0.0,1.0,1.0,1.0,1.0,1.0,1.0,1,0.0,0.0,0,0.0,0.0,0.0,0.0,0.0,0.0
security_group,secure-sg,0.0,0.0,0.0,0.0,0.0,0.0,0.0,0.0,0.0,0.0,1.0,0.0,0.0,0.0,0.0,0.0,0,0.0,0.0,0,0.0,0.0,0.0,0.0,0.0,0.0
s3,terragoat-data,0.0,0.0,0.0,0.0,0.0,0.0,0.0,0.0,0.0,0.0,0.0,0.0,0.0,0.0,0.0,0.0,1,0.0,0.0,0,0.0,0.0,0.0,0.0,0.0,0.0
s3,terragoat-financials,0.0,0.0,0.0,0.0,0.0,0.0,0.0,0.0,0.0,0.0,0.0,0.0,0.0,0.0,0.0,0.0,1,0.0,0.0,0,0.0,0.0,0.0,0.0,0.0,0.0
s3,terragoat-operations,0.0,0.0,1.0,0.0,0.0,0.0,0.0,0.0,0.0,0.0,0.0,0.0,0.0,0.0,0.0,0.0,1,0.0,0.0,0,0.0,0.0,0.0,0.0,0.0,0.0
s3,terragoat-data_science,0.0,0.0,1.0,1.0,0.0,0.0,0.0,0.0,0.0,0.0,0.0,0.0,0.0,0.0,0.0,0.0,1,0.0,0.0,0,0.0,0.0,0.0,0.0,0.0,0.0
s3,terragoat-logs,0.0,1.0,1.0,0.0,0.0,0.0,0.0,0.0,0.0,0.0,0.0,0.0,0.0,0.0,0.0,0.0,1,0.0,0.0,0,0.0,0.0,0.0,0.0,0.0,0.0
iam,terragoat-userpolicy,0.0,0.0,0.0,0.0,1.0,1.0,0.0,213.0,1.0,1.0,0.0,0.0,0.0,0.0,0.0,0.0,1,0.0,0.0,0,0.0,0.0,0.0,0.0,0.0,0.0
security_group,terragoat-web-node,0.0,0.0,0.0,0.0,0.0,0.0,0.0,0.0,0.0,0.0,2.0,1.0,2.0,1.0,0.0,0.0,1,0.0,0.0,0,0.0,0.0,0.0,0.0,0.0,0.0
s3,baseline-secure-s3-1,0.0,1.0,1.0,1.0,0.0,0.0,0.0,0.0,0.0,0.0,0.0,0.0,0.0,0.0,0.0,0.0,0,0.0,0.0,0,0.0,0.0,0.0,0.0,0.0,0.0
s3,baseline-secure-s3-2,0.0,1.0,1.0,1.0,0.0,0.0,0.0,0.0,0.0,0.0,0.0,0.0,0.0,0.0,0.0,0.0,0,0.0,0.0,0,0.0,0.0,0.0,0.0,0.0,0.0
s3,baseline-secure-s3-3,0.0,1.0,1.0,1.0,0.0,0.0,0.0,0.0,0.0,0.0,0.0,0.0,0.0,0.0,0.0,0.0,0,0.0,0.0,0,0.0,0.0,0.0,0.0,0.0,0.0
iam,baseline-secure-iam-1,0.0,0.0,0.0,0.0,0.0,0.0,0.0,120.0,0.0,0.0,0.0,0.0,0.0,0.0,0.0,0.0,0,0.0,0.0,0,0.0,0.0,0.0,0.0,0.0,0.0
iam,baseline-secure-iam-2,0.0,0.0,0.0,0.0,0.0,0.0,0.0,95.0,0.0,0.0,0.0,0.0,0.0,0.0,0.0,0.0,0,0.0,0.0,0,0.0,0.0,0.0,0.0,0.0,0.0
iam,baseline-secure-iam-3,0.0,0.0,0.0,0.0,0.0,0.0,0.0,110.0,0.0,0.0,0.0,0.0,0.0,0.0,0.0,0.0,0,0.0,0.0,0,0.0,0.0,0.0,0.0,0.0,0.0
security_group,baseline-secure-sg-1,0.0,0.0,0.0,0.0,0.0,0.0,0.0,0.0,0.0,0.0,1.0,1.0,0.0,0.0,0.0,0.0,0,0.0,0.0,0,0.0,0.0,0.0,0.0,0.0,0.0
security_group,baseline-secure-sg-2,0.0,0.0,0.0,0.0,0.0,0.0,0.0,0.0,0.0,0.0,1.0,1.0,0.0,0.0,0.0,0.0,0,0.0,0.0,0,0.0,0.0,0.0,0.0,0.0,0.0
security_group,baseline-secure-sg-3,0.0,0.0,0.0,0.0,0.0,0.0,0.0,0.0,0.0,0.0,1.0,1.0,0.0,0.0,0.0,0.0,0,0.0,0.0,0,0.0,0.0,0.0,0.0,0.0,0.0
security_group,cfngoat-WebNodeSG,0.0,0.0,0.0,0.0,0.0,0.0,0.0,0.0,0.0,0.0,3.0,0.0,3.0,1.0,0.0,0.0,1,0.0,0.0,0,0.0,0.0,0.0,0.0,0.0,0.0
s3,cfngoat-FlowBucket,0.0,0.0,0.0,0.0,0.0,0.0,0.0,0.0,0.0,0.0,0.0,0.0,0.0,0.0,0.0,0.0,1,0.0,0.0,0,0.0,0.0,0.0,0.0,0.0,0.0
iam,cfngoat-UserPolicy,0.0,0.0,0.0,0.0,1.0,1.0,0.0,135.0,0.0,0.0,0.0,0.0,0.0,0.0,0.0,0.0,1,0.0,0.0,0,0.0,0.0,0.0,0.0,0.0,0.0
security_group,cfngoat-DefaultSG,0.0,0.0,0.0,0.0,0.0,0.0,0.0,0.0,0.0,0.0,1.0,0.0,0.0,0.0,0.0,0.0,0,0.0,0.0,0,0.0,0.0,0.0,0.0,0.0,0.0
iam,cfngoat-EC2Policy,0.0,0.0,0.0,0.0,1.0,1.0,0.0,116.0,0.0,0.0,0.0,0.0,0.0,0.0,0.0,0.0,1,0.0,0.0,0,0.0,0.0,0.0,0.0,0.0,0.0
s3,cfngoat-DataBucket,1.0,0.0,0.0,0.0,0.0,0.0,0.0,0.0,0.0,0.0,0.0,0.0,0.0,0.0,0.0,0.0,1,0.0,0.0,0,0.0,0.0,0.0,0.0,0.0,0.0
s3,cfngoat-FinancialsBucket,0.0,0.0,0.0,0.0,0.0,0.0,0.0,0.0,0.0,0.0,0.0,0.0,0.0,0.0,0.0,0.0,1,0.0,0.0,0,0.0,0.0,0.0,0.0,0.0,0.0
s3,cfngoat-OperationsBucket,0.0,0.0,1.0,0.0,0.0,0.0,0.0,0.0,0.0,0.0,0.0,0.0,0.0,0.0,0.0,0.0,1,0.0,0.0,0,0.0,0.0,0.0,0.0,0.0,0.0
s3,cfngoat-DataScienceBucket,0.0,0.0,1.0,1.0,0.0,0.0,0.0,0.0,0.0,0.0,0.0,0.0,0.0,0.0,0.0,0.0,1,0.0,0.0,0,0.0,0.0,0.0,0.0,0.0,0.0
s3,cfngoat-LogsBucket,0.0,1.0,1.0,0.0,0.0,0.0,0.0,0.0,0.0,0.0,0.0,0.0,0.0,0.0,0.0,0.0,1,0.0,0.0,0,0.0,0.0,0.0,0.0,0.0,0.0
iam,terragoat-dbapp-ec2policy,0.0,0.0,0.0,0.0,1.0,1.0,0.0,186.0,0.0,0.0,0.0,0.0,0.0,0.0,0.0,0.0,1,0.0,0.0,0,0.0,0.0,0.0,0.0,0.0,0.0
iam,cloudgoat-agentcore_identity_confusion-kb_role_policy,0.0,0.0,0.0,0.0,0.0,0.0,0.0,573.0,0.0,0.0,0.0,0.0,0.0,0.0,0.0,0.0,0,0.0,1.0,cloudgoat,0.0,0.0,0.0,0.0,0.0,0.0
iam,cloudgoat-agentcore_identity_confusion-starting_user_bedrock_policy,0.0,0.0,0.0,0.0,0.0,0.0,1.0,636.0,0.0,1.0,0.0,0.0,0.0,0.0,0.0,0.0,1,0.0,1.0,cloudgoat,0.0,0.0,0.0,0.0,0.0,0.0
iam,cloudgoat-agentcore_identity_confusion-code_interpreter_role_policy,0.0,0.0,0.0,0.0,0.0,0.0,0.0,371.0,0.0,0.0,0.0,0.0,0.0,0.0,0.0,0.0,0,0.0,1.0,cloudgoat,0.0,0.0,0.0,0.0,0.0,0.0
iam,cloudgoat-agentcore_identity_confusion-agent_runtime_role_policy,0.0,0.0,0.0,0.0,0.0,0.0,0.0,698.0,0.0,1.0,0.0,0.0,0.0,0.0,0.0,0.0,1,0.0,1.0,cloudgoat,0.0,0.0,0.0,0.0,0.0,0.0
s3,cloudgoat-agentcore_identity_confusion-kb_s3_bucket,0.0,0.0,0.0,0.0,0.0,0.0,0.0,0.0,0.0,0.0,0.0,0.0,0.0,0.0,0.0,0.0,1,0.0,0.0,cloudgoat,0.0,0.0,0.0,0.0,0.0,0.0
s3,cloudgoat-agentcore_identity_confusion-kb_code_interpreter_bucket,0.0,0.0,0.0,0.0,0.0,0.0,0.0,0.0,0.0,0.0,0.0,0.0,0.0,0.0,0.0,0.0,1,0.0,0.0,cloudgoat,0.0,0.0,0.0,0.0,0.0,0.0
iam,cloudgoat-beanstalk_secrets-admin_user_policy,0.0,0.0,0.0,0.0,1.0,1.0,0.0,204.0,1.0,1.0,0.0,0.0,0.0,0.0,0.0,0.0,1,0.0,1.0,cloudgoat,0.0,0.0,0.0,0.0,0.0,0.0
iam,cloudgoat-beanstalk_secrets-low_priv_policy,0.0,0.0,0.0,0.0,0.0,0.0,0.0,742.0,0.0,1.0,0.0,0.0,0.0,0.0,0.0,0.0,1,1.0,1.0,cloudgoat,0.0,0.0,0.0,0.0,0.0,0.0
iam,cloudgoat-beanstalk_secrets-secondary_policy,0.0,0.0,0.0,0.0,0.0,0.0,0.0,545.0,0.0,1.0,0.0,0.0,0.0,0.0,0.0,0.0,1,0.0,1.0,cloudgoat,0.0,0.0,0.0,0.0,0.0,0.0
iam,cloudgoat-bedrock_agent_hijacking-bedrock_agent_policy,0.0,0.0,0.0,0.0,0.0,0.0,0.0,396.0,0.0,0.0,0.0,0.0,0.0,0.0,0.0,0.0,0,0.0,1.0,cloudgoat,0.0,0.0,0.0,0.0,0.0,0.0
iam,cloudgoat-bedrock_agent_hijacking-starting_user_bedrock_policy,0.0,0.0,0.0,0.0,0.0,0.0,0.0,524.0,0.0,1.0,0.0,0.0,0.0,0.0,0.0,0.0,1,0.0,1.0,cloudgoat,0.0,0.0,0.0,0.0,0.0,0.0
iam,cloudgoat-bedrock_agent_hijacking-starting_user_deployment_policy,0.0,0.0,0.0,0.0,0.0,0.0,0.0,518.0,0.0,1.0,0.0,0.0,0.0,0.0,0.0,0.0,1,0.0,1.0,cloudgoat,0.0,0.0,0.0,0.0,0.0,0.0
iam,cloudgoat-bedrock_agent_hijacking-lambda_execution_role_log_policy,0.0,0.0,0.0,0.0,0.0,0.0,0.0,405.0,0.0,0.0,0.0,0.0,0.0,0.0,0.0,0.0,0,0.0,1.0,cloudgoat,0.0,0.0,0.0,0.0,0.0,0.0
s3,cloudgoat-bedrock_agent_hijacking-target_s3_bucket,0.0,0.0,0.0,0.0,0.0,0.0,0.0,0.0,0.0,0.0,0.0,0.0,0.0,0.0,0.0,0.0,1,0.0,0.0,cloudgoat,0.0,0.0,0.0,0.0,0.0,0.0
security_group,cloudgoat-cloud_breach_s3-cg-ec2-ssh-security-group,0.0,0.0,0.0,0.0,0.0,0.0,0.0,0.0,0.0,0.0,1.0,1.0,0.0,0.0,0.0,0.0,0,0.0,0.0,cloudgoat,0.0,0.0,0.0,0.0,1.0,0.0
security_group,cloudgoat-cloud_breach_s3-cg-ec2-http-security-group,0.0,0.0,0.0,0.0,0.0,0.0,0.0,0.0,0.0,0.0,1.0,1.0,0.0,0.0,0.0,0.0,0,0.0,0.0,cloudgoat,0.0,0.0,0.0,0.0,1.0,0.0
s3,cloudgoat-cloud_breach_s3-cg-cardholder-data-bucket,0.0,0.0,0.0,0.0,0.0,0.0,0.0,0.0,0.0,0.0,0.0,0.0,0.0,0.0,0.0,0.0,1,0.0,0.0,cloudgoat,0.0,0.0,0.0,0.0,0.0,0.0
iam,cloudgoat-codebuild_secrets-cg-codebuild-role-policy,0.0,0.0,0.0,0.0,0.0,0.0,0.0,594.0,0.0,1.0,0.0,0.0,0.0,0.0,0.0,0.0,1,0.0,1.0,cloudgoat,0.0,0.0,0.0,0.0,0.0,0.0
iam,cloudgoat-codebuild_secrets-cg-ec2-role-policy,0.0,0.0,0.0,0.0,0.0,0.0,0.0,358.0,0.0,1.0,0.0,0.0,0.0,0.0,0.0,0.0,1,0.0,1.0,cloudgoat,0.0,0.0,0.0,0.0,0.0,0.0
security_group,cloudgoat-codebuild_secrets-cg-ec2-ssh-security-group,0.0,0.0,0.0,0.0,0.0,0.0,0.0,0.0,0.0,0.0,1.0,1.0,0.0,0.0,0.0,0.0,0,0.0,0.0,cloudgoat,0.0,0.0,0.0,0.0,1.0,0.0
iam,cloudgoat-codebuild_secrets-cg-calrissian-policy,0.0,0.0,0.0,0.0,0.0,0.0,0.0,701.0,0.0,1.0,0.0,0.0,0.0,0.0,0.0,0.0,1,0.0,1.0,cloudgoat,0.0,0.0,0.0,0.0,0.0,0.0
iam,cloudgoat-codebuild_secrets-cg-solo-policy,0.0,0.0,0.0,0.0,0.0,0.0,0.0,505.0,0.0,1.0,0.0,0.0,0.0,0.0,0.0,0.0,1,0.0,1.0,cloudgoat,0.0,0.0,0.0,0.0,0.0,0.0
security_group,cloudgoat-codebuild_secrets-cg-rds-security-group,0.0,0.0,0.0,0.0,0.0,0.0,0.0,0.0,0.0,0.0,2.0,1.0,0.0,0.0,0.0,0.0,1,0.0,0.0,cloudgoat,0.0,0.0,0.0,0.0,1.0,0.0
security_group,cloudgoat-data_secrets-sg,0.0,0.0,0.0,0.0,0.0,0.0,0.0,0.0,0.0,0.0,1.0,1.0,0.0,0.0,0.0,0.0,0,0.0,0.0,cloudgoat,0.0,0.0,0.0,0.0,1.0,0.0
iam,cloudgoat-data_secrets-ec2_role_policy,0.0,0.0,0.0,0.0,0.0,0.0,0.0,312.0,0.0,1.0,0.0,0.0,0.0,0.0,0.0,0.0,1,0.0,1.0,cloudgoat,0.0,0.0,0.0,0.0,0.0,0.0
iam,cloudgoat-data_secrets-start_user_policy,0.0,0.0,0.0,0.0,0.0,0.0,0.0,322.0,0.0,1.0,0.0,0.0,0.0,0.0,0.0,0.0,1,0.0,1.0,cloudgoat,0.0,0.0,0.0,0.0,0.0,0.0
iam,cloudgoat-data_secrets-lambda_user_policy,0.0,0.0,0.0,0.0,0.0,0.0,0.0,343.0,0.0,1.0,0.0,0.0,0.0,0.0,0.0,0.0,1,0.0,1.0,cloudgoat,0.0,0.0,0.0,0.0,0.0,0.0
s3,cloudgoat-detection_evasion-cloudtrail_logs,0.0,0.0,0.0,0.0,0.0,0.0,0.0,0.0,0.0,0.0,0.0,0.0,0.0,0.0,0.0,0.0,1,0.0,0.0,cloudgoat,0.0,0.0,0.0,0.0,0.0,0.0
security_group,cloudgoat-detection_evasion-main,0.0,0.0,0.0,0.0,0.0,0.0,0.0,0.0,0.0,0.0,1.0,1.0,1.0,0.0,0.0,0.0,1,0.0,0.0,cloudgoat,0.0,0.0,0.0,0.0,0.0,0.0
security_group,cloudgoat-detection_evasion-main2,0.0,0.0,0.0,0.0,0.0,0.0,0.0,0.0,0.0,0.0,1.0,1.0,1.0,0.0,0.0,0.0,1,0.0,0.0,cloudgoat,0.0,0.0,0.0,0.0,1.0,0.0
iam,cloudgoat-detection_evasion-instance_profile_easy_path,0.0,0.0,0.0,0.0,0.0,0.0,0.0,621.0,0.0,1.0,0.0,0.0,0.0,0.0,0.0,0.0,1,0.0,1.0,cloudgoat,0.0,0.0,0.0,0.0,0.0,0.0
iam,cloudgoat-detection_evasion-instance_profile_hard_path,0.0,0.0,0.0,0.0,0.0,0.0,0.0,621.0,0.0,1.0,0.0,0.0,0.0,0.0,0.0,0.0,1,0.0,1.0,cloudgoat,0.0,0.0,0.0,0.0,0.0,0.0
iam,cloudgoat-ec2_ssrf-ec2_policy,0.0,0.0,0.0,0.0,0.0,0.0,0.0,283.0,0.0,1.0,0.0,0.0,0.0,0.0,0.0,0.0,1,1.0,1.0,cloudgoat,0.0,0.0,0.0,0.0,0.0,0.0
security_group,cloudgoat-ec2_ssrf-ec2_security_group,0.0,0.0,0.0,0.0,0.0,0.0,0.0,0.0,0.0,0.0,2.0,1.0,0.0,0.0,0.0,0.0,1,0.0,0.0,cloudgoat,0.0,0.0,0.0,0.0,1.0,0.0
iam,cloudgoat-ec2_ssrf-solus,0.0,0.0,0.0,0.0,0.0,0.0,0.0,277.0,0.0,1.0,0.0,0.0,0.0,0.0,0.0,0.0,1,0.0,1.0,cloudgoat,0.0,0.0,0.0,0.0,0.0,0.0
iam,cloudgoat-ec2_ssrf-wrex,0.0,0.0,0.0,0.0,0.0,0.0,0.0,247.0,0.0,1.0,0.0,0.0,0.0,0.0,0.0,0.0,1,1.0,1.0,cloudgoat,0.0,0.0,0.0,0.0,0.0,0.0
iam,cloudgoat-ec2_ssrf-shepard,0.0,0.0,0.0,0.0,0.0,0.0,0.0,303.0,0.0,1.0,0.0,0.0,0.0,0.0,0.0,0.0,1,0.0,1.0,cloudgoat,0.0,0.0,0.0,0.0,0.0,0.0
s3,cloudgoat-ec2_ssrf-secret_bucket,0.0,0.0,0.0,0.0,0.0,0.0,0.0,0.0,0.0,0.0,0.0,0.0,0.0,0.0,0.0,0.0,1,0.0,0.0,cloudgoat,0.0,0.0,0.0,0.0,0.0,0.0
security_group,cloudgoat-ecs_efs_attack-cg-ec2-ssh-security-group,0.0,0.0,0.0,0.0,0.0,0.0,0.0,0.0,0.0,0.0,1.0,1.0,0.0,0.0,0.0,0.0,0,0.0,0.0,cloudgoat,0.0,0.0,0.0,0.0,1.0,0.0
security_group,cloudgoat-ecs_efs_attack-cg-ec2-efs-security-group,0.0,0.0,0.0,0.0,0.0,0.0,0.0,0.0,0.0,0.0,1.0,1.0,0.0,0.0,0.0,0.0,0,0.0,0.0,cloudgoat,0.0,0.0,0.0,0.0,1.0,0.0
security_group,cloudgoat-ecs_efs_attack-cg-ec2-http-listener-security-group,0.0,0.0,0.0,0.0,0.0,0.0,0.0,0.0,0.0,0.0,1.0,1.0,1.0,0.0,0.0,0.0,1,0.0,0.0,cloudgoat,0.0,0.0,0.0,0.0,1.0,0.0
security_group,cloudgoat-ecs_efs_attack-cg-ecs-http-security-group,0.0,0.0,0.0,0.0,0.0,0.0,0.0,0.0,0.0,0.0,1.0,1.0,0.0,0.0,0.0,0.0,0,0.0,0.0,cloudgoat,0.0,0.0,0.0,0.0,1.0,0.0
iam,cloudgoat-ecs_efs_attack-cg-ec2-ruse-role-policy,0.0,0.0,0.0,0.0,0.0,0.0,1.0,603.0,0.0,1.0,0.0,0.0,0.0,0.0,0.0,0.0,1,0.0,1.0,cloudgoat,0.0,0.0,0.0,0.0,0.0,0.0
iam,cloudgoat-ecs_efs_attack-cg-efs-admin-role-policy,0.0,0.0,0.0,0.0,0.0,0.0,0.0,404.0,0.0,1.0,0.0,0.0,0.0,0.0,0.0,0.0,1,0.0,1.0,cloudgoat,0.0,0.0,0.0,0.0,0.0,0.0
iam,cloudgoat-ecs_efs_attack-cg-ecs-role-policy,0.0,0.0,0.0,0.0,0.0,0.0,0.0,814.0,0.0,1.0,0.0,0.0,0.0,0.0,0.0,0.0,0,0.0,0.0,cloudgoat,0.0,0.0,0.0,0.0,0.0,0.0
iam,cloudgoat-ecs_privesc_evade_protection-cg_web_developer_policy,0.0,0.0,0.0,0.0,0.0,0.0,1.0,1549.0,0.0,1.0,0.0,0.0,0.0,0.0,0.0,0.0,1,0.0,1.0,cloudgoat,0.0,0.0,0.0,0.0,0.0,0.0
s3,cloudgoat-ecs_privesc_evade_protection-secret-s3-bucket,0.0,0.0,0.0,0.0,0.0,0.0,0.0,0.0,0.0,0.0,0.0,0.0,0.0,0.0,0.0,0.0,1,0.0,0.0,cloudgoat,0.0,0.0,0.0,0.0,0.0,0.0
s3,cloudgoat-ecs_privesc_evade_protection-cloudtrail_bucket,0.0,0.0,0.0,0.0,0.0,0.0,0.0,0.0,0.0,0.0,0.0,0.0,0.0,0.0,0.0,0.0,1,0.0,0.0,cloudgoat,0.0,0.0,0.0,0.0,0.0,0.0
security_group,cloudgoat-ecs_privesc_evade_protection-allow_http,0.0,0.0,0.0,0.0,0.0,0.0,0.0,0.0,0.0,0.0,1.0,1.0,0.0,0.0,0.0,0.0,0,0.0,0.0,cloudgoat,0.0,0.0,0.0,0.0,1.0,0.0
iam,cloudgoat-ecs_takeover-privd,0.0,0.0,0.0,0.0,0.0,0.0,0.0,512.0,0.0,1.0,0.0,0.0,0.0,0.0,0.0,0.0,1,0.0,1.0,cloudgoat,0.0,0.0,0.0,0.0,0.0,0.0
security_group,cloudgoat-ecs_takeover-ecs_sg,0.0,0.0,0.0,0.0,0.0,0.0,0.0,0.0,0.0,0.0,2.0,1.0,0.0,0.0,0.0,0.0,1,0.0,0.0,cloudgoat,0.0,0.0,0.0,0.0,1.0,0.0
security_group,cloudgoat-federated_console_takeover-instance_sg,0.0,0.0,0.0,0.0,0.0,0.0,0.0,0.0,0.0,0.0,0.0,1.0,0.0,0.0,0.0,0.0,0,0.0,0.0,cloudgoat,0.0,0.0,0.0,0.0,1.0,0.0
iam,cloudgoat-federated_console_takeover-ec2_admin_policy,0.0,0.0,0.0,0.0,0.0,0.0,0.0,332.0,0.0,1.0,0.0,0.0,0.0,0.0,0.0,0.0,1,1.0,1.0,cloudgoat,0.0,0.0,0.0,0.0,0.0,0.0
iam,cloudgoat-federated_console_takeover-initial_user_policy,0.0,0.0,0.0,0.0,0.0,0.0,0.0,497.0,0.0,1.0,0.0,0.0,0.0,0.0,0.0,0.0,1,0.0,1.0,cloudgoat,0.0,0.0,0.0,0.0,0.0,0.0
security_group,cloudgoat-federated_console_takeover-vpc_endpoint_sg,0.0,0.0,0.0,0.0,0.0,0.0,0.0,0.0,0.0,0.0,1.0,1.0,0.0,0.0,0.0,0.0,0,0.0,0.0,cloudgoat,0.0,0.0,0.0,0.0,1.0,0.0
iam,cloudgoat-glue_privesc-s3_put_policy,0.0,0.0,0.0,0.0,0.0,0.0,0.0,311.0,0.0,0.0,0.0,0.0,0.0,0.0,0.0,0.0,0,0.0,1.0,cloudgoat,0.0,0.0,0.0,0.0,0.0,0.0
iam,cloudgoat-glue_privesc-glue_management_policy,0.0,0.0,0.0,0.0,0.0,0.0,1.0,483.0,0.0,1.0,0.0,0.0,0.0,0.0,0.0,0.0,1,0.0,1.0,cloudgoat,0.0,0.0,0.0,0.0,0.0,0.0
s3,cloudgoat-glue_privesc-data,0.0,0.0,0.0,0.0,0.0,0.0,0.0,0.0,0.0,0.0,0.0,0.0,0.0,0.0,0.0,0.0,1,0.0,0.0,cloudgoat,0.0,0.0,0.0,0.0,0.0,0.0
s3,cloudgoat-glue_privesc-web,0.0,0.0,0.0,0.0,0.0,0.0,0.0,0.0,0.0,0.0,0.0,0.0,0.0,0.0,0.0,0.0,1,0.0,0.0,cloudgoat,1.0,0.0,0.0,0.0,0.0,0.0
security_group,cloudgoat-glue_privesc-glue,0.0,0.0,0.0,0.0,0.0,0.0,0.0,0.0,0.0,0.0,1.0,1.0,0.0,0.0,0.0,0.0,0,0.0,0.0,cloudgoat,0.0,0.0,0.0,0.0,1.0,0.0
security_group,cloudgoat-glue_privesc-ec2,0.0,0.0,0.0,0.0,0.0,0.0,0.0,0.0,0.0,0.0,2.0,1.0,0.0,0.0,0.0,0.0,1,0.0,0.0,cloudgoat,0.0,0.0,0.0,0.0,1.0,0.0
security_group,cloudgoat-glue_privesc-rds,0.0,0.0,0.0,0.0,0.0,0.0,0.0,0.0,0.0,0.0,1.0,1.0,0.0,0.0,0.0,0.0,0,0.0,0.0,cloudgoat,0.0,0.0,0.0,0.0,1.0,0.0
iam,cloudgoat-iam_enum_basics-flag1_managed_policy,0.0,0.0,0.0,0.0,0.0,0.0,0.0,404.0,0.0,0.0,0.0,0.0,0.0,0.0,0.0,0.0,0,0.0,1.0,cloudgoat,0.0,0.0,0.0,0.0,0.0,0.0
iam,cloudgoat-iam_enum_basics-flag4_role_policy,0.0,0.0,0.0,0.0,0.0,0.0,0.0,255.0,0.0,1.0,0.0,0.0,0.0,0.0,0.0,0.0,1,0.0,1.0,cloudgoat,0.0,0.0,0.0,0.0,0.0,0.0
iam,cloudgoat-iam_enum_basics-flag2_inline_policy,0.0,0.0,0.0,0.0,0.0,0.0,0.0,441.0,0.0,1.0,0.0,0.0,0.0,0.0,0.0,0.0,1,0.0,1.0,cloudgoat,0.0,0.0,0.0,0.0,0.0,0.0
security_group,cloudgoat-iam_privesc_by_attachment-ec2_server,0.0,0.0,0.0,0.0,0.0,0.0,0.0,0.0,0.0,0.0,3.0,1.0,0.0,0.0,0.0,0.0,1,0.0,0.0,cloudgoat,0.0,0.0,0.0,0.0,1.0,0.0
iam,cloudgoat-iam_privesc_by_attachment-kerrigan_policy,0.0,0.0,0.0,0.0,0.0,0.0,1.0,640.0,0.0,1.0,0.0,0.0,0.0,0.0,0.0,0.0,1,0.0,1.0,cloudgoat,0.0,0.0,0.0,0.0,0.0,0.0
iam,cloudgoat-iam_privesc_by_attachment-ec2_meek_policy,0.0,0.0,0.0,0.0,0.0,0.0,0.0,241.0,0.0,1.0,0.0,0.0,0.0,0.0,0.0,0.0,1,0.0,1.0,cloudgoat,0.0,0.0,0.0,0.0,0.0,0.0
iam,cloudgoat-iam_privesc_by_attachment-ec2_mighty_policy,0.0,0.0,0.0,0.0,1.0,1.0,0.0,248.0,1.0,1.0,0.0,0.0,0.0,0.0,0.0,0.0,1,0.0,1.0,cloudgoat,0.0,0.0,0.0,0.0,0.0,0.0
iam,cloudgoat-iam_privesc_by_ec2-ec2_manage_permissions,0.0,0.0,0.0,0.0,0.0,0.0,0.0,424.0,0.0,1.0,0.0,0.0,0.0,0.0,0.0,0.0,0,0.0,0.0,cloudgoat,0.0,0.0,0.0,0.0,0.0,0.0
iam,cloudgoat-iam_privesc_by_ec2-dev_ec2_permissions,0.0,0.0,0.0,0.0,0.0,0.0,0.0,370.0,0.0,1.0,0.0,0.0,0.0,0.0,0.0,0.0,1,0.0,1.0,cloudgoat,0.0,0.0,0.0,0.0,0.0,0.0
iam,cloudgoat-iam_privesc_by_ec2-dev_ec2_mgmt_assume,0.0,0.0,0.0,0.0,0.0,0.0,0.0,291.0,0.0,0.0,0.0,0.0,0.0,0.0,0.0,0.0,0,0.0,1.0,cloudgoat,0.0,0.0,0.0,0.0,0.0,0.0
iam,cloudgoat-iam_privesc_by_key_rotation-role_read_secrets,0.0,0.0,0.0,0.0,0.0,0.0,0.0,385.0,0.0,1.0,0.0,0.0,0.0,0.0,0.0,0.0,1,0.0,1.0,cloudgoat,0.0,0.0,0.0,0.0,0.0,0.0
iam,cloudgoat-iam_privesc_by_key_rotation-admin_assume_role,0.0,0.0,0.0,0.0,0.0,0.0,0.0,284.0,0.0,0.0,0.0,0.0,0.0,0.0,0.0,0.0,0,0.0,1.0,cloudgoat,0.0,0.0,0.0,0.0,0.0,0.0
iam,cloudgoat-iam_privesc_by_key_rotation-developer_manage_view_secrets,0.0,0.0,0.0,0.0,0.0,0.0,0.0,289.0,0.0,1.0,0.0,0.0,0.0,0.0,0.0,0.0,1,0.0,1.0,cloudgoat,0.0,0.0,0.0,0.0,0.0,0.0
iam,cloudgoat-iam_privesc_by_key_rotation-manager_manage_access_keys,0.0,0.0,0.0,0.0,0.0,0.0,0.0,822.0,0.0,0.0,0.0,0.0,0.0,0.0,0.0,0.0,0,0.0,0.0,cloudgoat,0.0,0.0,0.0,0.0,0.0,0.0
iam,cloudgoat-iam_privesc_by_key_rotation-manager_tag_resources,0.0,0.0,0.0,0.0,0.0,0.0,0.0,388.0,0.0,1.0,0.0,0.0,0.0,0.0,0.0,0.0,1,0.0,1.0,cloudgoat,0.0,0.0,0.0,0.0,0.0,0.0
iam,cloudgoat-iam_privesc_by_rollback-versioned_policy,0.0,0.0,0.0,0.0,0.0,0.0,0.0,153.0,0.0,0.0,0.0,0.0,0.0,0.0,0.0,0.0,0,0.0,1.0,cloudgoat,0.0,0.0,0.0,0.0,0.0,0.0
iam,cloudgoat-lambda_privesc-chris_policy,0.0,0.0,0.0,0.0,0.0,0.0,0.0,342.0,0.0,1.0,0.0,0.0,0.0,0.0,0.0,0.0,1,0.0,1.0,cloudgoat,0.0,0.0,0.0,0.0,0.0,0.0
iam,cloudgoat-lambda_privesc-lambdaManager_policy,0.0,0.0,0.0,0.0,0.0,0.0,1.0,367.0,0.0,1.0,0.0,0.0,0.0,0.0,0.0,0.0,1,1.0,1.0,cloudgoat,0.0,0.0,0.0,0.0,0.0,0.0
iam,cloudgoat-rce_web_app-ec2_rds,0.0,0.0,0.0,0.0,0.0,0.0,0.0,338.0,0.0,1.0,0.0,0.0,0.0,0.0,0.0,0.0,1,0.0,1.0,cloudgoat,0.0,0.0,0.0,0.0,0.0,0.0
security_group,cloudgoat-rce_web_app-ec2_ssh,0.0,0.0,0.0,0.0,0.0,0.0,0.0,0.0,0.0,0.0,1.0,1.0,0.0,0.0,0.0,0.0,0,0.0,0.0,cloudgoat,0.0,0.0,0.0,0.0,1.0,0.0
security_group,cloudgoat-rce_web_app-ec2_http,0.0,0.0,0.0,0.0,0.0,0.0,0.0,0.0,0.0,0.0,1.0,1.0,0.0,0.0,0.0,0.0,0,0.0,0.0,cloudgoat,0.0,0.0,0.0,0.0,0.0,0.0
iam,cloudgoat-rce_web_app-lara,0.0,0.0,0.0,0.0,0.0,0.0,0.0,614.0,0.0,1.0,0.0,0.0,0.0,0.0,0.0,0.0,1,0.0,1.0,cloudgoat,0.0,0.0,0.0,0.0,0.0,0.0
iam,cloudgoat-rce_web_app-mcduck,0.0,0.0,0.0,0.0,0.0,0.0,0.0,582.0,0.0,1.0,0.0,0.0,0.0,0.0,0.0,0.0,1,0.0,1.0,cloudgoat,0.0,0.0,0.0,0.0,0.0,0.0
security_group,cloudgoat-rce_web_app-lb_http,0.0,0.0,0.0,0.0,0.0,0.0,0.0,0.0,0.0,0.0,1.0,1.0,0.0,0.0,0.0,0.0,0,0.0,0.0,cloudgoat,0.0,0.0,0.0,0.0,1.0,0.0
security_group,cloudgoat-rce_web_app-rds,0.0,0.0,0.0,0.0,0.0,0.0,0.0,0.0,0.0,0.0,1.0,1.0,0.0,0.0,0.0,0.0,0,0.0,0.0,cloudgoat,0.0,0.0,0.0,0.0,1.0,0.0
s3,cloudgoat-rce_web_app-logs,0.0,0.0,0.0,0.0,0.0,0.0,0.0,0.0,0.0,0.0,0.0,0.0,0.0,0.0,0.0,0.0,1,0.0,0.0,cloudgoat,0.0,0.0,0.0,0.0,0.0,0.0
s3,cloudgoat-rce_web_app-secret,0.0,0.0,0.0,0.0,0.0,0.0,0.0,0.0,0.0,0.0,0.0,0.0,0.0,0.0,0.0,0.0,1,0.0,0.0,cloudgoat,0.0,0.0,0.0,0.0,0.0,0.0
s3,cloudgoat-rce_web_app-keystore,0.0,0.0,0.0,0.0,0.0,0.0,0.0,0.0,0.0,0.0,0.0,0.0,0.0,0.0,0.0,0.0,1,0.0,0.0,cloudgoat,0.0,0.0,0.0,0.0,0.0,0.0
iam,cloudgoat-rds_snapshot-cg-ec2-admin-policy,0.0,0.0,0.0,0.0,0.0,0.0,0.0,277.0,0.0,1.0,0.0,0.0,0.0,0.0,0.0,0.0,1,1.0,1.0,cloudgoat,0.0,0.0,0.0,0.0,0.0,0.0
iam,cloudgoat-rds_snapshot-cg-david-policy,0.0,0.0,0.0,0.0,0.0,0.0,0.0,396.0,0.0,1.0,0.0,0.0,0.0,0.0,0.0,0.0,1,0.0,1.0,cloudgoat,0.0,0.0,0.0,0.0,0.0,0.0
s3,cloudgoat-rds_snapshot-cg-data-s3-bucket,0.0,0.0,0.0,0.0,0.0,0.0,0.0,0.0,0.0,0.0,0.0,0.0,0.0,0.0,0.0,0.0,1,0.0,0.0,cloudgoat,0.0,0.0,0.0,0.0,0.0,0.0
security_group,cloudgoat-rds_snapshot-cg-ec2-ssh-security-group,0.0,0.0,0.0,0.0,0.0,0.0,0.0,0.0,0.0,0.0,1.0,1.0,0.0,0.0,0.0,0.0,0,0.0,0.0,cloudgoat,0.0,0.0,0.0,0.0,1.0,0.0
security_group,cloudgoat-rds_snapshot-allow_mysql,0.0,0.0,0.0,0.0,0.0,0.0,0.0,0.0,0.0,0.0,1.0,1.0,0.0,0.0,0.0,0.0,0,0.0,0.0,cloudgoat,0.0,0.0,0.0,0.0,1.0,0.0
iam,cloudgoat-s3_version_rollback_via_cfn-cloudformation_role_policy,0.0,0.0,0.0,0.0,0.0,0.0,1.0,566.0,0.0,1.0,0.0,0.0,0.0,0.0,0.0,0.0,1,0.0,0.0,cloudgoat,0.0,0.0,0.0,0.0,0.0,0.0
iam,cloudgoat-s3_version_rollback_via_cfn-lambda_putobject_policy,0.0,0.0,0.0,0.0,0.0,0.0,0.0,316.0,0.0,0.0,0.0,0.0,0.0,0.0,0.0,0.0,0,0.0,1.0,cloudgoat,0.0,0.0,0.0,0.0,0.0,0.0
iam,cloudgoat-s3_version_rollback_via_cfn-web_manager_s3_policy,0.0,0.0,0.0,0.0,0.0,0.0,0.0,630.0,0.0,1.0,0.0,0.0,0.0,0.0,0.0,0.0,1,0.0,1.0,cloudgoat,0.0,0.0,0.0,0.0,0.0,0.0
iam,cloudgoat-s3_version_rollback_via_cfn-web_manager_role_policy,0.0,0.0,0.0,0.0,0.0,0.0,1.0,1222.0,0.0,0.0,0.0,0.0,0.0,0.0,0.0,0.0,1,0.0,0.0,cloudgoat,0.0,0.0,0.0,0.0,0.0,0.0
s3,cloudgoat-s3_version_rollback_via_cfn-flag_bucket,0.0,0.0,0.0,0.0,0.0,0.0,0.0,0.0,0.0,0.0,0.0,0.0,0.0,0.0,0.0,0.0,1,0.0,0.0,cloudgoat,1.0,0.0,0.0,0.0,0.0,0.0
s3,cloudgoat-s3_version_rollback_via_cfn-index_bucket,0.0,0.0,0.0,0.0,0.0,0.0,0.0,0.0,0.0,0.0,0.0,0.0,0.0,0.0,0.0,0.0,1,0.0,0.0,cloudgoat,1.0,0.0,0.0,0.0,0.0,0.0
security_group,cloudgoat-scenario_template-sg,0.0,0.0,0.0,0.0,0.0,0.0,0.0,0.0,0.0,0.0,3.0,1.0,0.0,0.0,0.0,0.0,1,0.0,0.0,cloudgoat,0.0,0.0,0.0,0.0,1.0,0.0
iam,cloudgoat-scenario_template-ec2,0.0,0.0,0.0,0.0,0.0,0.0,0.0,282.0,0.0,1.0,0.0,0.0,0.0,0.0,0.0,0.0,1,0.0,1.0,cloudgoat,0.0,0.0,0.0,0.0,0.0,0.0
iam,cloudgoat-scenario_template-user1,0.0,0.0,0.0,0.0,0.0,0.0,0.0,255.0,0.0,1.0,0.0,0.0,0.0,0.0,0.0,0.0,1,0.0,1.0,cloudgoat,0.0,0.0,0.0,0.0,0.0,0.0
iam,cloudgoat-scenario_template-user2,0.0,0.0,0.0,0.0,0.0,0.0,0.0,271.0,0.0,1.0,0.0,0.0,0.0,0.0,0.0,0.0,1,0.0,1.0,cloudgoat,0.0,0.0,0.0,0.0,0.0,0.0
security_group,cloudgoat-secrets_in_the_cloud-web_app_sg,0.0,0.0,0.0,0.0,0.0,0.0,0.0,0.0,0.0,0.0,3.0,1.0,0.0,0.0,0.0,0.0,1,0.0,0.0,cloudgoat,0.0,0.0,0.0,0.0,1.0,0.0
iam,cloudgoat-secrets_in_the_cloud-low_priv_user_s3_policy,0.0,0.0,0.0,0.0,0.0,0.0,0.0,736.0,0.0,1.0,0.0,0.0,0.0,0.0,0.0,0.0,1,0.0,1.0,cloudgoat,0.0,0.0,0.0,0.0,0.0,0.0
iam,cloudgoat-secrets_in_the_cloud-low_priv_user_lambda_policy,0.0,0.0,0.0,0.0,0.0,0.0,0.0,425.0,0.0,1.0,0.0,0.0,0.0,0.0,0.0,0.0,1,0.0,1.0,cloudgoat,0.0,0.0,0.0,0.0,0.0,0.0
iam,cloudgoat-secrets_in_the_cloud-dynamodb_policy,0.0,0.0,0.0,0.0,0.0,0.0,0.0,295.0,0.0,1.0,0.0,0.0,0.0,0.0,0.0,0.0,1,1.0,1.0,cloudgoat,0.0,0.0,0.0,0.0,0.0,0.0
iam,cloudgoat-secrets_in_the_cloud-secrets_manager_user_policy,0.0,0.0,0.0,0.0,0.0,0.0,0.0,362.0,0.0,1.0,0.0,0.0,0.0,0.0,0.0,0.0,1,0.0,1.0,cloudgoat,0.0,0.0,0.0,0.0,0.0,0.0
iam,cloudgoat-secrets_in_the_cloud-lambda_policy,0.0,0.0,0.0,0.0,0.0,0.0,0.0,332.0,0.0,0.0,0.0,0.0,0.0,0.0,0.0,0.0,0,0.0,1.0,cloudgoat,0.0,0.0,0.0,0.0,0.0,0.0
s3,cloudgoat-secrets_in_the_cloud-secrets_bucket,0.0,0.0,0.0,0.0,0.0,0.0,0.0,0.0,0.0,0.0,0.0,0.0,0.0,0.0,0.0,0.0,1,0.0,0.0,cloudgoat,0.0,0.0,0.0,0.0,0.0,0.0
iam,cloudgoat-sns_secrets-sns_user_policy,0.0,0.0,0.0,0.0,0.0,0.0,0.0,972.0,0.0,1.0,0.0,0.0,0.0,0.0,0.0,0.0,1,0.0,1.0,cloudgoat,0.0,0.0,0.0,0.0,0.0,0.0
iam,cloudgoat-sqs_flag_shop-sqs_scenario,0.0,0.0,0.0,0.0,0.0,0.0,0.0,281.0,0.0,0.0,0.0,0.0,0.0,0.0,0.0,0.0,0,0.0,1.0,cloudgoat,0.0,0.0,0.0,0.0,0.0,0.0
iam,cloudgoat-sqs_flag_shop-sqs_scenario_assumed_role,0.0,0.0,0.0,0.0,0.0,0.0,0.0,359.0,0.0,1.0,0.0,0.0,0.0,0.0,0.0,0.0,1,0.0,1.0,cloudgoat,0.0,0.0,0.0,0.0,0.0,0.0
security_group,cloudgoat-sqs_flag_shop-ec2,0.0,0.0,0.0,0.0,0.0,0.0,0.0,0.0,0.0,0.0,3.0,1.0,0.0,0.0,0.0,0.0,1,0.0,0.0,cloudgoat,0.0,0.0,0.0,0.0,1.0,0.0
security_group,cloudgoat-sqs_flag_shop-rds,0.0,0.0,0.0,0.0,0.0,0.0,0.0,0.0,0.0,0.0,2.0,1.0,0.0,0.0,0.0,0.0,1,0.0,0.0,cloudgoat,0.0,0.0,0.0,0.0,1.0,0.0
security_group,cloudgoat-sqs_flag_shop-lambda,0.0,0.0,0.0,0.0,0.0,0.0,0.0,0.0,0.0,0.0,0.0,1.0,0.0,0.0,0.0,0.0,0,0.0,0.0,cloudgoat,0.0,0.0,0.0,0.0,1.0,0.0
security_group,cloudgoat-static-sg,0.0,0.0,0.0,0.0,0.0,0.0,0.0,0.0,0.0,0.0,2.0,1.0,0.0,0.0,0.0,0.0,1,0.0,0.0,cloudgoat,0.0,0.0,0.0,0.0,1.0,0.0
iam,cloudgoat-static-ec2_policy,0.0,0.0,0.0,0.0,0.0,0.0,0.0,489.0,0.0,0.0,0.0,0.0,0.0,0.0,0.0,0.0,0,0.0,1.0,cloudgoat,0.0,0.0,0.0,0.0,0.0,0.0
s3,cloudgoat-static-assets_bucket,0.0,0.0,0.0,0.0,0.0,0.0,0.0,0.0,0.0,0.0,0.0,0.0,0.0,0.0,0.0,0.0,1,0.0,0.0,cloudgoat,1.0,0.0,0.0,0.0,0.0,0.0
iam,cloudgoat-vpc_peering_overexposed-ssm_policy,0.0,0.0,0.0,0.0,0.0,0.0,0.0,639.0,0.0,1.0,0.0,0.0,0.0,0.0,0.0,0.0,1,0.0,1.0,cloudgoat,0.0,0.0,0.0,0.0,0.0,0.0
iam,cloudgoat-vpc_peering_overexposed-dev_ec2_policy,0.0,0.0,0.0,0.0,0.0,0.0,0.0,506.0,0.0,1.0,0.0,0.0,0.0,0.0,0.0,0.0,1,0.0,1.0,cloudgoat,0.0,0.0,0.0,0.0,0.0,0.0
iam,cloudgoat-vpc_peering_overexposed-prod_ec2_policy,0.0,0.0,0.0,0.0,0.0,0.0,0.0,328.0,0.0,1.0,0.0,0.0,0.0,0.0,0.0,0.0,1,0.0,1.0,cloudgoat,0.0,0.0,0.0,0.0,0.0,0.0
iam,cloudgoat-vpc_peering_overexposed-initial_user_policy,0.0,0.0,0.0,0.0,0.0,0.0,0.0,409.0,0.0,1.0,0.0,0.0,0.0,0.0,0.0,0.0,1,0.0,1.0,cloudgoat,0.0,0.0,0.0,0.0,0.0,0.0
security_group,cloudgoat-vpc_peering_overexposed-dev_sg,0.0,0.0,0.0,0.0,0.0,0.0,0.0,0.0,0.0,0.0,1.0,1.0,0.0,0.0,0.0,0.0,0,0.0,0.0,cloudgoat,0.0,0.0,0.0,0.0,1.0,0.0
security_group,cloudgoat-vpc_peering_overexposed-prod_sg,0.0,0.0,0.0,0.0,0.0,0.0,0.0,0.0,0.0,0.0,2.0,1.0,0.0,0.0,0.0,0.0,1,0.0,0.0,cloudgoat,0.0,0.0,0.0,0.0,1.0,0.0
security_group,cloudgoat-vpc_peering_overexposed-db_sg,0.0,0.0,0.0,0.0,0.0,0.0,0.0,0.0,0.0,0.0,1.0,1.0,0.0,0.0,0.0,0.0,0,0.0,0.0,cloudgoat,0.0,0.0,0.0,0.0,1.0,0.0
security_group,cloudgoat-vpc_peering_overexposed-ssm_endpoint_sg,0.0,0.0,0.0,0.0,0.0,0.0,0.0,0.0,0.0,0.0,1.0,1.0,0.0,0.0,0.0,0.0,0,0.0,0.0,cloudgoat,0.0,0.0,0.0,0.0,1.0,0.0
iam,cloudgoat-vulnerable_cognito-s3_policy,0.0,0.0,0.0,0.0,0.0,0.0,0.0,275.0,0.0,0.0,0.0,0.0,0.0,0.0,0.0,0.0,0,0.0,1.0,cloudgoat,0.0,0.0,0.0,0.0,0.0,0.0
iam,cloudgoat-vulnerable_cognito-cognito-policy,0.0,0.0,0.0,0.0,0.0,0.0,0.0,277.0,0.0,1.0,0.0,0.0,0.0,0.0,0.0,0.0,1,0.0,1.0,cloudgoat,0.0,0.0,0.0,0.0,0.0,0.0
s3,cloudgoat-vulnerable_cognito-cognito_s3,0.0,0.0,0.0,0.0,0.0,0.0,0.0,0.0,0.0,0.0,0.0,0.0,0.0,0.0,0.0,0.0,1,0.0,0.0,cloudgoat,0.0,0.0,0.0,0.0,0.0,0.0
iam,cloudgoat-vulnerable_lambda-standard_user,0.0,0.0,0.0,0.0,0.0,0.0,0.0,464.0,0.0,1.0,0.0,0.0,0.0,0.0,0.0,0.0,1,0.0,1.0,cloudgoat,0.0,0.0,0.0,0.0,0.0,0.0
s3,checkov-s3acl-S3GlobalViewACL-fail,1.0,0.0,0.0,0.0,0.0,0.0,0.0,0.0,0.0,0.0,0.0,0.0,0.0,0.0,0.0,0.0,1,0.0,0.0,0,0.0,0.0,0.0,0.0,0.0,0.0
s3,checkov-s3acl-S3GlobalViewACL-fail2,1.0,0.0,0.0,0.0,0.0,0.0,0.0,0.0,0.0,0.0,0.0,0.0,0.0,0.0,0.0,0.0,1,0.0,0.0,0,0.0,0.0,0.0,0.0,0.0,0.0
s3,checkov-s3acl-S3GlobalViewACL-pass,0.0,0.0,0.0,0.0,0.0,0.0,0.0,0.0,0.0,0.0,0.0,0.0,0.0,0.0,0.0,0.0,0,0.0,0.0,0,0.0,0.0,0.0,0.0,0.0,0.0
s3,checkov-s3acl-S3GlobalViewACL-pass2,0.0,0.0,0.0,0.0,0.0,0.0,0.0,0.0,0.0,0.0,0.0,0.0,0.0,0.0,0.0,0.0,0,0.0,0.0,0,0.0,0.0,0.0,0.0,0.0,0.0
s3,checkov-s3-owsAnyPrincipal-fail3,0.0,0.0,0.0,0.0,0.0,0.0,0.0,0.0,0.0,0.0,0.0,0.0,0.0,0.0,0.0,0.0,1,0.0,0.0,0,0.0,0.0,0.0,0.0,0.0,0.0
s3,checkov-s3-owsAnyPrincipal-fail2,0.0,0.0,0.0,0.0,0.0,0.0,0.0,0.0,0.0,0.0,0.0,0.0,0.0,0.0,0.0,0.0,1,0.0,0.0,0,0.0,0.0,0.0,0.0,0.0,0.0
s3,checkov-s3-owsAnyPrincipal-fail,0.0,0.0,0.0,0.0,0.0,0.0,0.0,0.0,0.0,0.0,0.0,0.0,0.0,0.0,0.0,0.0,1,0.0,0.0,0,0.0,0.0,0.0,0.0,0.0,0.0
s3,checkov-s3-owsAnyPrincipal-pass,0.0,0.0,0.0,0.0,0.0,0.0,0.0,0.0,0.0,0.0,0.0,0.0,0.0,0.0,0.0,0.0,0,0.0,0.0,0,0.0,0.0,0.0,0.0,0.0,0.0
s3,checkov-s3-owsAnyPrincipal-pass2,0.0,0.0,0.0,0.0,0.0,0.0,0.0,0.0,0.0,0.0,0.0,0.0,0.0,0.0,0.0,0.0,0,0.0,0.0,0,0.0,0.0,0.0,0.0,0.0,0.0
s3,checkov-s3-owsAnyPrincipal-pass_w_condition,0.0,0.0,0.0,0.0,0.0,0.0,0.0,0.0,0.0,0.0,0.0,0.0,0.0,0.0,0.0,0.0,0,0.0,0.0,0,0.0,0.0,0.0,0.0,0.0,0.0
s3,checkov-s3-owsAnyPrincipal-pass_w_condition2,0.0,0.0,0.0,0.0,0.0,0.0,0.0,0.0,0.0,0.0,0.0,0.0,0.0,0.0,0.0,0.0,0,0.0,0.0,0,0.0,0.0,0.0,0.0,0.0,0.0
s3,checkov-s3-owsAnyPrincipal-fail_w_condition,0.0,0.0,0.0,0.0,0.0,0.0,0.0,0.0,0.0,0.0,0.0,0.0,0.0,0.0,0.0,0.0,1,0.0,0.0,0,0.0,0.0,0.0,0.0,0.0,0.0
s3,checkov-s3-owsAnyPrincipal-pass_w_condition3,0.0,0.0,0.0,0.0,0.0,0.0,0.0,0.0,0.0,0.0,0.0,0.0,0.0,0.0,0.0,0.0,0,0.0,0.0,0,0.0,0.0,0.0,0.0,0.0,0.0
s3,checkov-s3-owsAnyPrincipal-pass_w_condition4,0.0,0.0,0.0,0.0,0.0,0.0,0.0,0.0,0.0,0.0,0.0,0.0,0.0,0.0,0.0,0.0,0,0.0,0.0,0,0.0,0.0,0.0,0.0,0.0,0.0
s3,checkov-s3-owsAnyPrincipal-pass_w_condition5,0.0,0.0,0.0,0.0,0.0,0.0,0.0,0.0,0.0,0.0,0.0,0.0,0.0,0.0,0.0,0.0,0,0.0,0.0,0,0.0,0.0,0.0,0.0,0.0,0.0
s3,checkov-s3-owsAnyPrincipal-pass_w_condition6,0.0,0.0,0.0,0.0,0.0,0.0,0.0,0.0,0.0,0.0,0.0,0.0,0.0,0.0,0.0,0.0,0,0.0,0.0,0,0.0,0.0,0.0,0.0,0.0,0.0
s3,checkov-s3acl-reDataTransport-pass_private,0.0,0.0,0.0,0.0,0.0,0.0,0.0,0.0,0.0,0.0,0.0,0.0,0.0,0.0,0.0,0.0,0,0.0,0.0,0,0.0,0.0,0.0,0.0,0.0,0.0
s3,checkov-s3acl-reDataTransport-pass_restricted,0.0,0.0,0.0,0.0,0.0,0.0,0.0,0.0,0.0,0.0,0.0,0.0,0.0,0.0,0.0,0.0,0,0.0,0.0,0,0.0,0.0,0.0,0.0,0.0,0.0
s3,checkov-s3acl-reDataTransport-pass_grant_blocked,1.0,0.0,0.0,0.0,0.0,0.0,0.0,0.0,0.0,0.0,0.0,0.0,0.0,0.0,0.0,0.0,0,0.0,0.0,0,0.0,0.0,0.0,0.0,0.0,0.0
s3,checkov-s3acl-reDataTransport-pass_website,0.0,0.0,0.0,0.0,0.0,0.0,0.0,0.0,0.0,0.0,0.0,0.0,0.0,0.0,0.0,0.0,0,0.0,0.0,0,0.0,0.0,0.0,0.0,0.0,0.0
s3,checkov-s3acl-reDataTransport-fail1,0.0,0.0,0.0,0.0,0.0,0.0,0.0,0.0,0.0,0.0,0.0,0.0,0.0,0.0,0.0,0.0,1,0.0,0.0,0,0.0,0.0,0.0,0.0,0.0,0.0
s3,checkov-s3acl-reDataTransport-pass_policy1,0.0,0.0,0.0,0.0,0.0,0.0,0.0,0.0,0.0,0.0,0.0,0.0,0.0,0.0,0.0,0.0,0,0.0,0.0,0,0.0,0.0,0.0,0.0,0.0,0.0
s3,checkov-s3acl-reDataTransport-pass_policy2,0.0,0.0,0.0,0.0,0.0,0.0,0.0,0.0,0.0,0.0,0.0,0.0,0.0,0.0,0.0,0.0,0,0.0,0.0,0,0.0,0.0,0.0,0.0,0.0,0.0
s3,checkov-s3acl-reDataTransport-pass_policy3,0.0,0.0,0.0,0.0,0.0,0.0,0.0,0.0,0.0,0.0,0.0,0.0,0.0,0.0,0.0,0.0,0,0.0,0.0,0,0.0,0.0,0.0,0.0,0.0,0.0
s3,checkov-s3acl-reDataTransport-fail2,0.0,0.0,0.0,0.0,0.0,0.0,0.0,0.0,0.0,0.0,0.0,0.0,0.0,0.0,0.0,0.0,1,0.0,0.0,0,0.0,0.0,0.0,0.0,0.0,0.0
iam,checkov-iam-MAdminPolicyDocument-pass1,0.0,0.0,0.0,0.0,1.0,0.0,0.0,466.0,1.0,0.0,0.0,0.0,0.0,0.0,0.0,0.0,0,0.0,0.0,0,0.0,0.0,0.0,0.0,0.0,0.0
iam,checkov-iam-MAdminPolicyDocument-fail1,0.0,0.0,0.0,0.0,1.0,1.0,0.0,265.0,1.0,1.0,0.0,0.0,0.0,0.0,0.0,0.0,1,0.0,0.0,0,0.0,0.0,0.0,0.0,0.0,0.0
iam,checkov-iam-MAdminPolicyDocument-fail2,0.0,0.0,0.0,0.0,1.0,1.0,0.0,184.0,1.0,1.0,0.0,0.0,0.0,0.0,0.0,0.0,1,0.0,0.0,0,0.0,0.0,0.0,0.0,0.0,0.0
iam,checkov-iam-MAdminPolicyDocument-fail3,0.0,0.0,0.0,0.0,1.0,1.0,0.0,148.0,1.0,1.0,0.0,0.0,0.0,0.0,0.0,0.0,1,0.0,0.0,0,0.0,0.0,0.0,0.0,0.0,0.0
iam,checkov-iam-MAdminPolicyDocument-fail4,0.0,0.0,0.0,0.0,1.0,1.0,0.0,123.0,1.0,1.0,0.0,0.0,0.0,0.0,0.0,0.0,1,0.0,0.0,0,0.0,0.0,0.0,0.0,0.0,0.0
iam,checkov-iam-MAdminPolicyDocument-pass2,0.0,0.0,0.0,0.0,0.0,0.0,0.0,147.0,0.0,0.0,0.0,0.0,0.0,0.0,0.0,0.0,0,0.0,0.0,0,0.0,0.0,0.0,0.0,0.0,0.0
iam,checkov-iam-MPrivilegeEscalation-passing,0.0,0.0,0.0,0.0,0.0,0.0,0.0,192.0,0.0,0.0,0.0,0.0,0.0,0.0,0.0,0.0,0,0.0,0.0,0,0.0,0.0,0.0,0.0,0.0,0.0
iam,checkov-iam-sourcePolicyDocument-fail,0.0,0.0,0.0,0.0,1.0,1.0,0.0,177.0,1.0,1.0,0.0,0.0,0.0,0.0,0.0,0.0,1,0.0,0.0,0,0.0,0.0,0.0,0.0,0.0,0.0
iam,checkov-iam-sourcePolicyDocument-pass,0.0,0.0,0.0,0.0,1.0,0.0,0.0,221.0,1.0,0.0,0.0,0.0,0.0,0.0,0.0,0.0,0,0.0,0.0,0,0.0,0.0,0.0,0.0,0.0,0.0
iam,checkov-iam-sourcePolicyDocument-pass_unrestrictable,0.0,0.0,0.0,0.0,0.0,0.0,0.0,183.0,0.0,1.0,0.0,0.0,0.0,0.0,0.0,0.0,0,0.0,0.0,0,0.0,0.0,0.0,0.0,0.0,0.0
iam,checkov-iam-ample_IAMWriteAccess-fail,0.0,0.0,0.0,0.0,0.0,0.0,0.0,181.0,0.0,0.0,0.0,0.0,0.0,0.0,0.0,0.0,1,0.0,0.0,0,0.0,0.0,0.0,0.0,0.0,0.0
iam,checkov-iam-ermissionsManagement-pass,0.0,0.0,0.0,0.0,1.0,0.0,0.0,173.0,1.0,0.0,0.0,0.0,0.0,0.0,0.0,0.0,0,0.0,0.0,0,0.0,0.0,0.0,0.0,0.0,0.0
iam,checkov-iam-ermissionsManagement-fail,0.0,0.0,0.0,0.0,1.0,1.0,0.0,155.0,1.0,1.0,0.0,0.0,0.0,0.0,0.0,0.0,1,0.0,0.0,0,0.0,0.0,0.0,0.0,0.0,0.0
iam,checkov-iam-_IAMDataExfiltration-pass,0.0,0.0,0.0,0.0,0.0,0.0,0.0,271.0,0.0,0.0,0.0,0.0,0.0,0.0,0.0,0.0,0,0.0,0.0,0,0.0,0.0,0.0,0.0,0.0,0.0
iam,checkov-iam-_IAMDataExfiltration-fail,0.0,0.0,0.0,0.0,0.0,0.0,1.0,433.0,0.0,1.0,0.0,0.0,0.0,0.0,0.0,0.0,1,0.0,0.0,0,0.0,0.0,0.0,0.0,0.0,0.0
iam,checkov-iam-MCredentialsExposure-pass,0.0,0.0,0.0,0.0,0.0,0.0,0.0,277.0,0.0,0.0,0.0,0.0,0.0,0.0,0.0,0.0,0,0.0,0.0,0,0.0,0.0,0.0,0.0,0.0,0.0
iam,checkov-iam-MCredentialsExposure-fail,0.0,0.0,0.0,0.0,0.0,0.0,0.0,221.0,0.0,1.0,0.0,0.0,0.0,0.0,0.0,0.0,1,0.0,0.0,0,0.0,0.0,0.0,0.0,0.0,0.0
iam,checkov-iam-tachedToGroupOrRoles-fail,0.0,0.0,0.0,0.0,1.0,1.0,0.0,177.0,1.0,1.0,0.0,0.0,0.0,0.0,0.0,0.0,1,0.0,0.0,0,0.0,0.0,0.0,0.0,0.0,0.0
security_group,checkov-sg-nrestrictedIngress22-fail,0.0,0.0,0.0,0.0,0.0,0.0,0.0,0.0,0.0,0.0,1.0,1.0,1.0,1.0,0.0,0.0,1,0.0,0.0,0,0.0,0.0,0.0,0.0,0.0,0.0
security_group,checkov-sg-nrestrictedIngress22-fail2,0.0,0.0,0.0,0.0,0.0,0.0,0.0,0.0,0.0,0.0,1.0,1.0,1.0,0.0,0.0,0.0,1,0.0,0.0,0,0.0,0.0,0.0,0.0,0.0,0.0
security_group,checkov-sg-nrestrictedIngress22-fail3,0.0,0.0,0.0,0.0,0.0,0.0,0.0,0.0,0.0,0.0,1.0,1.0,1.0,1.0,0.0,0.0,1,0.0,0.0,0,0.0,0.0,0.0,0.0,0.0,0.0
security_group,checkov-sg-nrestrictedIngress22-fail4,0.0,0.0,0.0,0.0,0.0,0.0,0.0,0.0,0.0,0.0,0.0,0.0,0.0,0.0,0.0,0.0,1,0.0,0.0,0,0.0,0.0,0.0,0.0,0.0,0.0
security_group,checkov-sg-nrestrictedIngress22-fail-ipv6,0.0,0.0,0.0,0.0,0.0,0.0,0.0,0.0,0.0,0.0,1.0,1.0,1.0,1.0,0.0,0.0,1,0.0,0.0,0,0.0,0.0,0.0,0.0,0.0,0.0
security_group,checkov-sg-nrestrictedIngress22-pass,0.0,0.0,0.0,0.0,0.0,0.0,0.0,0.0,0.0,0.0,1.0,1.0,1.0,0.0,0.0,0.0,0,0.0,0.0,0,0.0,0.0,0.0,0.0,0.0,0.0
security_group,checkov-sg-nrestrictedIngress22-pass2,0.0,0.0,0.0,0.0,0.0,0.0,0.0,0.0,0.0,0.0,1.0,1.0,0.0,0.0,0.0,0.0,0,0.0,0.0,0,0.0,0.0,0.0,0.0,0.0,0.0
security_group,checkov-sg-nrestrictedIngress22-pass3,0.0,0.0,0.0,0.0,0.0,0.0,0.0,0.0,0.0,0.0,0.0,0.0,0.0,0.0,0.0,0.0,0,0.0,0.0,0,0.0,0.0,0.0,0.0,0.0,0.0
security_group,checkov-sg-nrestrictedIngress22-pass4,0.0,0.0,0.0,0.0,0.0,0.0,0.0,0.0,0.0,0.0,1.0,1.0,0.0,0.0,0.0,0.0,0,0.0,0.0,0,0.0,0.0,0.0,0.0,0.0,0.0
security_group,checkov-sg-nrestrictedIngress22-pass5,0.0,0.0,0.0,0.0,0.0,0.0,0.0,0.0,0.0,0.0,1.0,1.0,0.0,0.0,0.0,0.0,0,0.0,0.0,0,0.0,0.0,0.0,0.0,0.0,0.0
security_group,checkov-sg-nrestrictedIngress22-pass6,0.0,0.0,0.0,0.0,0.0,0.0,0.0,0.0,0.0,0.0,0.0,1.0,0.0,0.0,0.0,0.0,0,0.0,0.0,0,0.0,0.0,0.0,0.0,0.0,0.0
security_group,checkov-sg-nrestrictedIngress22-pass7,0.0,0.0,0.0,0.0,0.0,0.0,0.0,0.0,0.0,0.0,0.0,0.0,0.0,0.0,0.0,0.0,0,0.0,0.0,0,0.0,0.0,0.0,0.0,0.0,0.0
security_group,checkov-sg-nrestrictedIngress22-pass-ipv6,0.0,0.0,0.0,0.0,0.0,0.0,0.0,0.0,0.0,0.0,0.0,0.0,0.0,0.0,0.0,0.0,0,0.0,0.0,0,0.0,0.0,0.0,0.0,0.0,0.0
security_group,checkov-sg-nrestrictedIngress22-pass_self,0.0,0.0,0.0,0.0,0.0,0.0,0.0,0.0,0.0,0.0,1.0,0.0,0.0,0.0,0.0,0.0,0,0.0,0.0,0,0.0,0.0,0.0,0.0,0.0,0.0
security_group,checkov-sg-nrestrictedIngress22-pass_self2,0.0,0.0,0.0,0.0,0.0,0.0,0.0,0.0,0.0,0.0,0.0,0.0,0.0,0.0,0.0,0.0,0,0.0,0.0,0,0.0,0.0,0.0,0.0,0.0,0.0
security_group,checkov-sg-estrictedIngress3389-pass,0.0,0.0,0.0,0.0,0.0,0.0,0.0,0.0,0.0,0.0,2.0,1.0,2.0,0.0,0.0,0.0,0,0.0,0.0,0,0.0,0.0,0.0,0.0,0.0,0.0
security_group,checkov-sg-estrictedIngress3389-fail,0.0,0.0,0.0,0.0,0.0,0.0,0.0,0.0,0.0,0.0,2.0,1.0,2.0,0.0,1.0,0.0,1,0.0,0.0,0,0.0,0.0,0.0,0.0,0.0,0.0
security_group,checkov-sg-nrestrictedIngress80-fail,0.0,0.0,0.0,0.0,0.0,0.0,0.0,0.0,0.0,0.0,1.0,1.0,1.0,0.0,0.0,0.0,1,0.0,0.0,0,0.0,0.0,0.0,0.0,0.0,0.0
security_group,checkov-sg-nrestrictedIngress80-fail2,0.0,0.0,0.0,0.0,0.0,0.0,0.0,0.0,0.0,0.0,1.0,1.0,1.0,0.0,0.0,0.0,1,0.0,0.0,0,0.0,0.0,0.0,0.0,0.0,0.0
security_group,checkov-sg-nrestrictedIngress80-fail3,0.0,0.0,0.0,0.0,0.0,0.0,0.0,0.0,0.0,0.0,1.0,1.0,1.0,0.0,0.0,0.0,1,0.0,0.0,0,0.0,0.0,0.0,0.0,0.0,0.0
security_group,checkov-sg-nrestrictedIngress80-fail4,0.0,0.0,0.0,0.0,0.0,0.0,0.0,0.0,0.0,0.0,1.0,1.0,1.0,0.0,0.0,0.0,1,0.0,0.0,0,0.0,0.0,0.0,0.0,0.0,0.0
security_group,checkov-sg-nrestrictedIngress80-fail5,0.0,0.0,0.0,0.0,0.0,0.0,0.0,0.0,0.0,0.0,0.0,0.0,0.0,0.0,0.0,0.0,1,0.0,0.0,0,0.0,0.0,0.0,0.0,0.0,0.0
security_group,checkov-sg-nrestrictedIngress80-pass,0.0,0.0,0.0,0.0,0.0,0.0,0.0,0.0,0.0,0.0,1.0,1.0,1.0,0.0,0.0,0.0,0,0.0,0.0,0,0.0,0.0,0.0,0.0,0.0,0.0
security_group,checkov-sg-nrestrictedIngress80-pass2,0.0,0.0,0.0,0.0,0.0,0.0,0.0,0.0,0.0,0.0,1.0,1.0,0.0,0.0,0.0,0.0,0,0.0,0.0,0,0.0,0.0,0.0,0.0,0.0,0.0
security_group,checkov-sg-nrestrictedIngress80-pass3,0.0,0.0,0.0,0.0,0.0,0.0,0.0,0.0,0.0,0.0,0.0,0.0,0.0,0.0,0.0,0.0,0,0.0,0.0,0,0.0,0.0,0.0,0.0,0.0,0.0
security_group,checkov-sg-nrestrictedIngress80-pass4,0.0,0.0,0.0,0.0,0.0,0.0,0.0,0.0,0.0,0.0,1.0,1.0,0.0,0.0,0.0,0.0,0,0.0,0.0,0,0.0,0.0,0.0,0.0,0.0,0.0
security_group,checkov-sg-nrestrictedIngress80-pass5,0.0,0.0,0.0,0.0,0.0,0.0,0.0,0.0,0.0,0.0,1.0,1.0,0.0,0.0,0.0,0.0,0,0.0,0.0,0,0.0,0.0,0.0,0.0,0.0,0.0
security_group,checkov-sg-nrestrictedIngress80-pass6,0.0,0.0,0.0,0.0,0.0,0.0,0.0,0.0,0.0,0.0,0.0,1.0,0.0,0.0,0.0,0.0,0,0.0,0.0,0,0.0,0.0,0.0,0.0,0.0,0.0
security_group,checkov-sg-nrestrictedIngress80-pass7,0.0,0.0,0.0,0.0,0.0,0.0,0.0,0.0,0.0,0.0,0.0,0.0,0.0,0.0,0.0,0.0,0,0.0,0.0,0,0.0,0.0,0.0,0.0,0.0,0.0
security_group,checkov-sg-nrestrictedIngress80-pass-ipv6,0.0,0.0,0.0,0.0,0.0,0.0,0.0,0.0,0.0,0.0,0.0,0.0,0.0,0.0,0.0,0.0,0,0.0,0.0,0,0.0,0.0,0.0,0.0,0.0,0.0
security_group,checkov-sg-restrictedIngressAny-pass,0.0,0.0,0.0,0.0,0.0,0.0,0.0,0.0,0.0,0.0,2.0,1.0,2.0,0.0,0.0,0.0,0,0.0,0.0,0,0.0,0.0,0.0,0.0,0.0,0.0
security_group,checkov-sg-restrictedIngressAny-fail,0.0,0.0,0.0,0.0,0.0,0.0,0.0,0.0,0.0,0.0,1.0,0.0,0.0,0.0,0.0,0.0,1,0.0,0.0,0,0.0,0.0,0.0,0.0,0.0,0.0
security_group,checkov-sg-nrestrictedEgressAny-pass,0.0,0.0,0.0,0.0,0.0,0.0,0.0,0.0,0.0,0.0,2.0,1.0,2.0,0.0,0.0,0.0,0,0.0,0.0,0,0.0,0.0,0.0,0.0,0.0,0.0
security_group,checkov-sg-nrestrictedEgressAny-fail2,0.0,0.0,0.0,0.0,0.0,0.0,0.0,0.0,0.0,0.0,2.0,1.0,2.0,0.0,0.0,0.0,1,0.0,0.0,0,0.0,0.0,0.0,0.0,0.0,0.0
security_group,checkov-sg-nrestrictedEgressAny-fail,0.0,0.0,0.0,0.0,0.0,0.0,0.0,0.0,0.0,0.0,0.0,1.0,0.0,0.0,0.0,0.0,1,0.0,0.0,0,0.0,0.0,0.0,0.0,0.0,0.0
security_group,checkov-sg-GroupRuleDescription-fail,0.0,0.0,0.0,0.0,0.0,0.0,0.0,0.0,0.0,0.0,1.0,2.0,0.0,0.0,0.0,0.0,1,0.0,0.0,0,0.0,0.0,0.0,0.0,0.0,0.0
security_group,checkov-sg-GroupRuleDescription-pass,0.0,0.0,0.0,0.0,0.0,0.0,0.0,0.0,0.0,0.0,1.0,2.0,0.0,0.0,0.0,0.0,0,0.0,0.0,0,0.0,0.0,0.0,0.0,0.0,0.0
security_group,checkov-sg-GroupRuleDescription-pass2,0.0,0.0,0.0,0.0,0.0,0.0,0.0,0.0,0.0,0.0,1.0,1.0,0.0,0.0,0.0,0.0,0,0.0,0.0,0,0.0,0.0,0.0,0.0,0.0,0.0
iam,awssra-tf-aws_sra_examples/terraform/solutions/guard_duty/configuration_role/main.tf-aws_iam_policy-organizations_policy,0.0,0.0,0.0,0.0,0.0,0.0,0.0,223.0,0.0,0.0,0.0,0.0,0.0,0.0,0.0,0.0,0,0.0,0.0,awssra,0.0,0.0,0.0,0.0,0.0,0.0
iam,awssra-tf-aws_sra_examples/terraform/solutions/guard_duty/configuration_role/main.tf-aws_iam_policy-guardduty_policy,0.0,0.0,0.0,0.0,0.0,0.0,0.0,207.0,0.0,0.0,0.0,0.0,0.0,0.0,0.0,0.0,0,0.0,0.0,awssra,0.0,0.0,0.0,0.0,0.0,0.0
iam,awssra-tf-aws_sra_examples/terraform/solutions/guard_duty/configuration_role/main.tf-aws_iam_policy-iam_policy,0.0,0.0,0.0,0.0,0.0,0.0,0.0,183.0,0.0,0.0,0.0,0.0,0.0,0.0,0.0,0.0,0,0.0,0.0,awssra,0.0,0.0,0.0,0.0,0.0,0.0
iam,awssra-tf-aws_sra_examples/terraform/solutions/guard_duty/gd_configuration/main.tf-aws_iam_policy-sra_guardduty_org_policy_logs,0.0,0.0,0.0,0.0,0.0,0.0,0.0,179.0,0.0,0.0,0.0,0.0,0.0,0.0,0.0,0.0,0,0.0,0.0,awssra,0.0,0.0,0.0,0.0,0.0,0.0
iam,awssra-tf-aws_sra_examples/terraform/solutions/guard_duty/gd_configuration/main.tf-aws_iam_policy-sra_guardduty_org_policy_organizations,0.0,0.0,0.0,0.0,0.0,0.0,0.0,206.0,0.0,0.0,0.0,0.0,0.0,0.0,0.0,0.0,0,0.0,0.0,awssra,0.0,0.0,0.0,0.0,0.0,0.0
iam,awssra-tf-aws_sra_examples/terraform/solutions/guard_duty/gd_configuration/main.tf-aws_iam_policy-sra_guardduty_org_policy_sns,0.0,0.0,0.0,0.0,0.0,0.0,0.0,176.0,0.0,0.0,0.0,0.0,0.0,0.0,0.0,0.0,0,0.0,0.0,awssra,0.0,0.0,0.0,0.0,0.0,0.0
iam,awssra-tf-aws_sra_examples/terraform/solutions/guard_duty/gd_configuration/main.tf-aws_iam_policy-sra_guardduty_org_policy_cloudformation,0.0,0.0,0.0,0.0,0.0,0.0,0.0,209.0,0.0,0.0,0.0,0.0,0.0,0.0,0.0,0.0,0,0.0,0.0,awssra,0.0,0.0,0.0,0.0,0.0,0.0
iam,awssra-tf-aws_sra_examples/terraform/solutions/guard_duty/gd_configuration/main.tf-aws_iam_policy-sra_guardduty_org_policy_ssm_access,0.0,0.0,0.0,0.0,0.0,0.0,0.0,172.0,0.0,0.0,0.0,0.0,0.0,0.0,0.0,0.0,0,0.0,0.0,awssra,0.0,0.0,0.0,0.0,0.0,0.0
iam,awssra-tf-aws_sra_examples/terraform/solutions/guard_duty/gd_configuration/main.tf-aws_iam_policy-sra_guardduty_org_policy_guardduty,0.0,0.0,0.0,0.0,0.0,0.0,0.0,194.0,0.0,0.0,0.0,0.0,0.0,0.0,0.0,0.0,0,0.0,0.0,awssra,0.0,0.0,0.0,0.0,0.0,0.0
iam,awssra-tf-aws_sra_examples/terraform/solutions/guard_duty/delete_detector/main.tf-aws_iam_policy-delete_detector_policy,0.0,0.0,0.0,0.0,0.0,0.0,0.0,265.0,0.0,0.0,0.0,0.0,0.0,0.0,0.0,0.0,0,0.0,0.0,awssra,0.0,0.0,0.0,0.0,0.0,0.0
iam,awssra-tf-aws_sra_examples/terraform/solutions/iam_password_policy/configuration/main.tf-aws_iam_policy-lambda_policy,0.0,0.0,0.0,0.0,0.0,0.0,0.0,220.0,0.0,0.0,0.0,0.0,0.0,0.0,0.0,0.0,0,0.0,0.0,awssra,0.0,0.0,0.0,0.0,0.0,0.0
iam,awssra-tf-aws_sra_examples/terraform/solutions/macie/configuration/main.tf-aws_iam_policy-sra_macie_org_policy_logs,0.0,0.0,0.0,0.0,0.0,0.0,0.0,232.0,0.0,0.0,0.0,0.0,0.0,0.0,0.0,0.0,0,0.0,0.0,awssra,0.0,0.0,0.0,0.0,0.0,0.0
iam,awssra-tf-aws_sra_examples/terraform/solutions/macie/configuration/main.tf-aws_iam_policy-sra_macie_org_policy_organizations,0.0,0.0,0.0,0.0,0.0,0.0,0.0,268.0,0.0,0.0,0.0,0.0,0.0,0.0,0.0,0.0,0,0.0,0.0,awssra,0.0,0.0,0.0,0.0,0.0,0.0
iam,awssra-tf-aws_sra_examples/terraform/solutions/macie/configuration/main.tf-aws_iam_policy-sra_macie_org_policy_macie,0.0,0.0,0.0,0.0,0.0,0.0,0.0,236.0,0.0,0.0,0.0,0.0,0.0,0.0,0.0,0.0,0,0.0,0.0,awssra,0.0,0.0,0.0,0.0,0.0,0.0
iam,awssra-tf-aws_sra_examples/terraform/solutions/macie/configuration/main.tf-aws_iam_policy-sra_macie_org_policy_iam,0.0,0.0,0.0,0.0,0.0,0.0,0.0,228.0,0.0,0.0,0.0,0.0,0.0,0.0,0.0,0.0,0,0.0,0.0,awssra,0.0,0.0,0.0,0.0,0.0,0.0
iam,awssra-tf-aws_sra_examples/terraform/solutions/macie/configuration/main.tf-aws_iam_policy-macie_org_policy_cloudformation,0.0,0.0,0.0,0.0,0.0,0.0,0.0,260.0,0.0,0.0,0.0,0.0,0.0,0.0,0.0,0.0,0,0.0,0.0,awssra,0.0,0.0,0.0,0.0,0.0,0.0
iam,awssra-tf-aws_sra_examples/terraform/solutions/macie/disable_role/main.tf-aws_iam_policy-disable_macie_policy,0.0,0.0,0.0,0.0,0.0,0.0,0.0,439.0,0.0,0.0,0.0,0.0,0.0,0.0,0.0,0.0,0,0.0,0.0,awssra,0.0,0.0,0.0,0.0,0.0,0.0
iam,awssra-tf-aws_sra_examples/terraform/solutions/macie/configuration_role/main.tf-aws_iam_policy-macie_org_policy,0.0,0.0,0.0,0.0,0.0,0.0,0.0,1481.0,0.0,0.0,0.0,0.0,0.0,0.0,0.0,0.0,0,0.0,0.0,awssra,0.0,0.0,0.0,0.0,0.0,0.0
iam,awssra-tf-aws_sra_examples/terraform/solutions/inspector/configuration/main.tf-aws_iam_policy-cloudformation_policy,0.0,0.0,0.0,0.0,0.0,0.0,0.0,224.0,0.0,0.0,0.0,0.0,0.0,0.0,0.0,0.0,0,0.0,0.0,awssra,0.0,0.0,0.0,0.0,0.0,0.0
iam,awssra-tf-aws_sra_examples/terraform/solutions/inspector/configuration/main.tf-aws_iam_policy-ssm_access_policy,0.0,0.0,0.0,0.0,0.0,0.0,0.0,197.0,0.0,0.0,0.0,0.0,0.0,0.0,0.0,0.0,0,0.0,0.0,awssra,0.0,0.0,0.0,0.0,0.0,0.0
iam,awssra-tf-aws_sra_examples/terraform/solutions/inspector/configuration/main.tf-aws_iam_policy-inspector_policy,0.0,0.0,0.0,0.0,0.0,0.0,0.0,211.0,0.0,0.0,0.0,0.0,0.0,0.0,0.0,0.0,0,0.0,0.0,awssra,0.0,0.0,0.0,0.0,0.0,0.0
iam,awssra-tf-aws_sra_examples/terraform/solutions/inspector/configuration/main.tf-aws_iam_policy-iam_policy,0.0,0.0,0.0,0.0,0.0,0.0,0.0,186.0,0.0,0.0,0.0,0.0,0.0,0.0,0.0,0.0,0,0.0,0.0,awssra,0.0,0.0,0.0,0.0,0.0,0.0
iam,awssra-tf-aws_sra_examples/terraform/solutions/inspector/configuration/main.tf-aws_iam_policy-logs_policy,0.0,0.0,0.0,0.0,0.0,0.0,0.0,195.0,0.0,0.0,0.0,0.0,0.0,0.0,0.0,0.0,0,0.0,0.0,awssra,0.0,0.0,0.0,0.0,0.0,0.0
iam,awssra-tf-aws_sra_examples/terraform/solutions/inspector/configuration/main.tf-aws_iam_policy-sns_policy,0.0,0.0,0.0,0.0,0.0,0.0,0.0,180.0,0.0,0.0,0.0,0.0,0.0,0.0,0.0,0.0,0,0.0,0.0,awssra,0.0,0.0,0.0,0.0,0.0,0.0
iam,awssra-tf-aws_sra_examples/terraform/solutions/inspector/configuration/main.tf-aws_iam_policy-sra_inspector_events,0.0,0.0,0.0,0.0,0.0,0.0,0.0,171.0,0.0,0.0,0.0,0.0,0.0,0.0,0.0,0.0,0,0.0,0.0,awssra,0.0,0.0,0.0,0.0,0.0,0.0
iam,awssra-tf-aws_sra_examples/terraform/solutions/inspector/configuration_role/main.tf-aws_iam_policy-organizations_policy,0.0,0.0,0.0,0.0,0.0,0.0,0.0,227.0,0.0,0.0,0.0,0.0,0.0,0.0,0.0,0.0,0,0.0,0.0,awssra,0.0,0.0,0.0,0.0,0.0,0.0
iam,awssra-tf-aws_sra_examples/terraform/solutions/inspector/configuration_role/main.tf-aws_iam_policy-iam_policy,0.0,0.0,0.0,0.0,0.0,0.0,0.0,187.0,0.0,0.0,0.0,0.0,0.0,0.0,0.0,0.0,0,0.0,0.0,awssra,0.0,0.0,0.0,0.0,0.0,0.0
iam,awssra-tf-aws_sra_examples/terraform/solutions/cloudtrail_org/org/main.tf-aws_iam_role_policy-cloudtrail_cloudwatch_logs_policy,0.0,0.0,0.0,0.0,0.0,0.0,0.0,753.0,0.0,0.0,0.0,0.0,0.0,0.0,0.0,0.0,0,0.0,0.0,awssra,0.0,0.0,0.0,0.0,0.0,0.0
iam,awssra-tf-aws_sra_examples/terraform/solutions/cloudtrail_org/org/main.tf-aws_iam_role_policy-cloudtrail_log_group_policy,0.0,0.0,0.0,0.0,0.0,0.0,0.0,664.0,0.0,0.0,0.0,0.0,0.0,0.0,0.0,0.0,0,0.0,0.0,awssra,0.0,0.0,0.0,0.0,0.0,0.0
iam,awssra-tf-aws_sra_examples/terraform/solutions/cloudtrail_org/org/main.tf-aws_iam_role_policy-cloudtrail_policy,0.0,0.0,0.0,0.0,0.0,0.0,0.0,1634.0,0.0,0.0,0.0,0.0,0.0,0.0,0.0,0.0,0,0.0,0.0,awssra,0.0,0.0,0.0,0.0,0.0,0.0
iam,awssra-tf-aws_sra_examples/terraform/solutions/cloudtrail_org/org/main.tf-aws_iam_role_policy-cloudtrail_org_policy,0.0,0.0,0.0,0.0,0.0,0.0,0.0,966.0,0.0,0.0,0.0,0.0,0.0,0.0,0.0,0.0,0,0.0,0.0,awssra,0.0,0.0,0.0,0.0,0.0,0.0
iam,awssra-tf-aws_sra_examples/terraform/solutions/cloudtrail_org/org/main.tf-aws_iam_role_policy-cloudtrail_iam_policy,0.0,0.0,0.0,0.0,0.0,0.0,0.0,876.0,0.0,0.0,0.0,0.0,0.0,0.0,0.0,0.0,0,0.0,0.0,awssra,0.0,0.0,0.0,0.0,0.0,0.0
iam,awssra-tf-aws_sra_examples/terraform/solutions/cloudtrail_org/org/main.tf-aws_iam_role_policy-cloudtrail_cloudwatch_logs_policy2,0.0,0.0,0.0,0.0,0.0,0.0,0.0,650.0,0.0,0.0,0.0,0.0,0.0,0.0,0.0,0.0,0,0.0,0.0,awssra,0.0,0.0,0.0,0.0,0.0,0.0
iam,awssra-tf-aws_sra_examples/terraform/solutions/register_delegated_administrator/register_admin/main.tf-aws_iam_policy-register_delegated_admin_policy_logs,0.0,0.0,0.0,0.0,0.0,0.0,0.0,204.0,0.0,0.0,0.0,0.0,0.0,0.0,0.0,0.0,0,0.0,0.0,awssra,0.0,0.0,0.0,0.0,0.0,0.0
iam,awssra-tf-aws_sra_examples/terraform/solutions/register_delegated_administrator/register_admin/main.tf-aws_iam_policy-register_delegated_admin_policy_organizations,0.0,0.0,0.0,0.0,0.0,0.0,0.0,231.0,0.0,0.0,0.0,0.0,0.0,0.0,0.0,0.0,0,0.0,0.0,awssra,0.0,0.0,0.0,0.0,0.0,0.0
iam,awssra-tf-aws_sra_examples/terraform/solutions/security_hub/configuration/main.tf-aws_iam_policy-security_hub_org_policy_securityhub,0.0,0.0,0.0,0.0,0.0,0.0,0.0,201.0,0.0,0.0,0.0,0.0,0.0,0.0,0.0,0.0,0,0.0,0.0,awssra,0.0,0.0,0.0,0.0,0.0,0.0
iam,awssra-tf-aws_sra_examples/terraform/solutions/security_hub/configuration/main.tf-aws_iam_policy-security_hub_org_policy_iam,0.0,0.0,0.0,0.0,0.0,0.0,0.0,177.0,0.0,0.0,0.0,0.0,0.0,0.0,0.0,0.0,0,0.0,0.0,awssra,0.0,0.0,0.0,0.0,0.0,0.0
iam,awssra-tf-aws_sra_examples/terraform/solutions/security_hub/configuration/main.tf-aws_iam_policy-security_hub_org_policy_cloudformation,0.0,0.0,0.0,0.0,0.0,0.0,0.0,210.0,0.0,0.0,0.0,0.0,0.0,0.0,0.0,0.0,0,0.0,0.0,awssra,0.0,0.0,0.0,0.0,0.0,0.0
iam,awssra-tf-aws_sra_examples/terraform/solutions/security_hub/configuration/main.tf-aws_iam_policy-security_hub_org_policy_ssm_access,0.0,0.0,0.0,0.0,0.0,0.0,0.0,198.0,0.0,0.0,0.0,0.0,0.0,0.0,0.0,0.0,0,0.0,0.0,awssra,0.0,0.0,0.0,0.0,0.0,0.0
iam,awssra-tf-aws_sra_examples/terraform/solutions/security_hub/configuration/main.tf-aws_iam_policy-security_hub_org_policy_organizations,0.0,0.0,0.0,0.0,0.0,0.0,0.0,214.0,0.0,0.0,0.0,0.0,0.0,0.0,0.0,0.0,0,0.0,0.0,awssra,0.0,0.0,0.0,0.0,0.0,0.0
iam,awssra-tf-aws_sra_examples/terraform/solutions/security_hub/configuration/main.tf-aws_iam_policy-sra_securityhub_events,0.0,0.0,0.0,0.0,0.0,0.0,0.0,158.0,0.0,0.0,0.0,0.0,0.0,0.0,0.0,0.0,0,0.0,0.0,awssra,0.0,0.0,0.0,0.0,0.0,0.0
iam,awssra-tf-aws_sra_examples/terraform/solutions/security_hub/recorder_start_event/main.tf-aws_iam_policy-event_bridge_policy,0.0,0.0,0.0,0.0,0.0,0.0,0.0,222.0,0.0,0.0,0.0,0.0,0.0,0.0,0.0,0.0,0,0.0,0.0,awssra,0.0,0.0,0.0,0.0,0.0,0.0
iam,awssra-tf-aws_sra_examples/terraform/solutions/security_hub/configuration_role/main.tf-aws_iam_policy-organizations_policy,0.0,0.0,0.0,0.0,0.0,0.0,0.0,225.0,0.0,0.0,0.0,0.0,0.0,0.0,0.0,0.0,0,0.0,0.0,awssra,0.0,0.0,0.0,0.0,0.0,0.0
iam,awssra-tf-aws_sra_examples/terraform/solutions/security_hub/configuration_role/main.tf-aws_iam_policy-securityhub_policy,0.0,0.0,0.0,0.0,0.0,0.0,0.0,217.0,0.0,0.0,0.0,0.0,0.0,0.0,0.0,0.0,0,0.0,0.0,awssra,0.0,0.0,0.0,0.0,0.0,0.0
iam,awssra-tf-aws_sra_examples/terraform/solutions/security_hub/configuration_role/main.tf-aws_iam_policy-securityhub_delegated_admin_policy,0.0,0.0,0.0,0.0,0.0,0.0,0.0,325.0,0.0,0.0,0.0,0.0,0.0,0.0,0.0,0.0,0,0.0,0.0,awssra,0.0,0.0,0.0,0.0,0.0,0.0
iam,awssra-tf-aws_sra_examples/terraform/solutions/security_hub/configuration_role/main.tf-aws_iam_policy-iam_policy,0.0,0.0,0.0,0.0,0.0,0.0,0.0,185.0,0.0,0.0,0.0,0.0,0.0,0.0,0.0,0.0,0,0.0,0.0,awssra,0.0,0.0,0.0,0.0,0.0,0.0
s3,awssra-tf-aws_sra_examples/terraform/common/s3/main.tf-sra_state_bucket,0.0,1.0,1.0,0.0,0.0,0.0,0.0,0.0,0.0,0.0,0.0,0.0,0.0,0.0,0.0,0.0,0,0.0,0.0,awssra,0.0,1.0,1.0,0.0,0.0,2.0
iam,awssra-tf-aws_sra_examples/terraform/common/ssm_parameters/main.tf-aws_iam_role_policy-cloudwatch_policy_attachment,0.0,0.0,0.0,0.0,0.0,0.0,0.0,229.0,0.0,0.0,0.0,0.0,0.0,0.0,0.0,0.0,0,0.0,0.0,awssra,0.0,0.0,0.0,0.0,0.0,0.0
iam,awssra-tf-aws_sra_examples/terraform/common/ssm_parameters/main.tf-aws_iam_role_policy-management_account_parameters_lambda_ssm_policy_attachment,0.0,0.0,0.0,0.0,0.0,0.0,0.0,300.0,0.0,0.0,0.0,0.0,0.0,0.0,0.0,0.0,0,0.0,0.0,awssra,0.0,0.0,0.0,0.0,0.0,0.0
iam,awssra-cfn-aws_sra_examples/solutions/security_lake/security_lake_org/templates/sra-security-lake-org-configuration.yaml-rSecurityLakeOrgLambdaRole-sra-security-lake-org-policy-cloudformation,0.0,0.0,0.0,0.0,0.0,0.0,0.0,249.0,0.0,0.0,0.0,0.0,0.0,0.0,0.0,0.0,0,0.0,0.0,awssra,0.0,0.0,0.0,0.0,0.0,0.0
iam,awssra-cfn-aws_sra_examples/solutions/security_lake/security_lake_org/templates/sra-security-lake-org-configuration.yaml-rSecurityLakeOrgLambdaRole-sra-security-lake-org-policy-securitylake,0.0,0.0,0.0,0.0,0.0,0.0,0.0,834.0,0.0,1.0,0.0,0.0,0.0,0.0,0.0,0.0,0,0.0,0.0,awssra,0.0,0.0,0.0,0.0,0.0,0.0
iam,awssra-cfn-aws_sra_examples/solutions/security_lake/security_lake_org/templates/sra-security-lake-org-configuration.yaml-rSecurityLakeOrgLambdaRole-sra-security-lake-policy-organizations,0.0,0.0,0.0,0.0,0.0,0.0,0.0,154.0,0.0,1.0,0.0,0.0,0.0,0.0,0.0,0.0,0,0.0,0.0,awssra,0.0,0.0,0.0,0.0,0.0,0.0
iam,awssra-cfn-aws_sra_examples/solutions/security_lake/security_lake_org/templates/sra-security-lake-org-configuration.yaml-rSecurityLakeOrgLambdaRole-ssm-access,0.0,0.0,0.0,0.0,0.0,0.0,0.0,205.0,0.0,0.0,0.0,0.0,0.0,0.0,0.0,0.0,0,0.0,0.0,awssra,0.0,0.0,0.0,0.0,0.0,0.0
iam,awssra-cfn-aws_sra_examples/solutions/security_lake/security_lake_org/templates/sra-security-lake-org-configuration.yaml-rSecurityLakeOrgLambdaRole-sra-security-lake-org-policy-logs,0.0,0.0,0.0,0.0,0.0,0.0,0.0,323.0,0.0,0.0,0.0,0.0,0.0,0.0,0.0,0.0,0,0.0,0.0,awssra,0.0,0.0,0.0,0.0,0.0,0.0
iam,awssra-cfn-aws_sra_examples/solutions/security_lake/security_lake_org/templates/sra-security-lake-org-configuration.yaml-rSecurityLakeOrgLambdaRole-sra-security-lake-org-policy-sqs,0.0,0.0,0.0,0.0,0.0,0.0,0.0,154.0,0.0,0.0,0.0,0.0,0.0,0.0,0.0,0.0,0,0.0,0.0,awssra,0.0,0.0,0.0,0.0,0.0,0.0
iam,awssra-cfn-aws_sra_examples/solutions/security_lake/security_lake_org/templates/sra-security-lake-org-configuration.yaml-rSecurityLakeOrgLambdaRole-sra-security-lake-org-policy-acct,0.0,0.0,0.0,0.0,0.0,0.0,0.0,139.0,0.0,1.0,0.0,0.0,0.0,0.0,0.0,0.0,0,0.0,0.0,awssra,0.0,0.0,0.0,0.0,0.0,0.0
iam,awssra-cfn-aws_sra_examples/solutions/security_lake/security_lake_org/templates/sra-security-lake-org-configuration.yaml-rSecurityLakeOrgLambdaRole-sra-security-lake-org-policy-iam,0.0,0.0,0.0,0.0,0.0,0.0,0.0,488.0,0.0,0.0,0.0,0.0,0.0,0.0,0.0,0.0,0,0.0,0.0,awssra,0.0,0.0,0.0,0.0,0.0,0.0
iam,awssra-cfn-aws_sra_examples/solutions/security_lake/security_lake_org/templates/sra-security-lake-org-configuration.yaml-rSecurityLakeOrgLambdaRole-assume,0.0,0.0,0.0,0.0,0.0,0.0,0.0,141.0,0.0,0.0,0.0,0.0,0.0,0.0,0.0,0.0,0,0.0,0.0,awssra,0.0,0.0,0.0,0.0,0.0,0.0
iam,awssra-cfn-aws_sra_examples/solutions/security_lake/security_lake_org/templates/sra-security-lake-meta-store-manager-role.yaml-rSecurityLakeMetaStoreManagerRole-sra-security-lake-org-kms-policy,0.0,0.0,0.0,0.0,0.0,0.0,0.0,271.0,0.0,1.0,0.0,0.0,0.0,0.0,0.0,0.0,0,0.0,0.0,awssra,0.0,0.0,0.0,0.0,0.0,0.0
iam,awssra-cfn-aws_sra_examples/solutions/security_lake/security_lake_org/templates/sra-security-lake-meta-store-manager-role.yaml-rSecurityLakeMetaStoreManagerRole-assume,0.0,0.0,0.0,0.0,0.0,0.0,0.0,139.0,0.0,0.0,0.0,0.0,0.0,0.0,0.0,0.0,0,0.0,0.0,awssra,0.0,0.0,0.0,0.0,0.0,0.0
iam,awssra-cfn-aws_sra_examples/solutions/security_lake/security_lake_org/templates/sra-security-lake-org-configuration-role.yaml-rConfigurationRole-sra-security-lake-org-policy-lakeformation,0.0,0.0,0.0,0.0,0.0,0.0,0.0,365.0,0.0,1.0,0.0,0.0,0.0,0.0,0.0,0.0,0,0.0,0.0,awssra,0.0,0.0,0.0,0.0,0.0,0.0
iam,awssra-cfn-aws_sra_examples/solutions/security_lake/security_lake_org/templates/sra-security-lake-org-configuration-role.yaml-rConfigurationRole-sra-security-lake-org-policy-cloudformation,0.0,0.0,0.0,0.0,0.0,0.0,0.0,188.0,0.0,1.0,0.0,0.0,0.0,0.0,0.0,0.0,0,0.0,0.0,awssra,0.0,0.0,0.0,0.0,0.0,0.0
iam,awssra-cfn-aws_sra_examples/solutions/security_lake/security_lake_org/templates/sra-security-lake-org-configuration-role.yaml-rConfigurationRole-sra-security-lake-org-policy-sqs,0.0,0.0,0.0,0.0,0.0,0.0,0.0,287.0,0.0,0.0,0.0,0.0,0.0,0.0,0.0,0.0,0,0.0,0.0,awssra,0.0,0.0,0.0,0.0,0.0,0.0
iam,awssra-cfn-aws_sra_examples/solutions/security_lake/security_lake_org/templates/sra-security-lake-org-configuration-role.yaml-rConfigurationRole-sra-security-lake-org-policy-lambda,0.0,0.0,0.0,0.0,0.0,0.0,0.0,388.0,0.0,1.0,0.0,0.0,0.0,0.0,0.0,0.0,0,0.0,0.0,awssra,0.0,0.0,0.0,0.0,0.0,0.0
iam,awssra-cfn-aws_sra_examples/solutions/security_lake/security_lake_org/templates/sra-security-lake-org-configuration-role.yaml-rConfigurationRole-sra-security-lake-org-policy-glue,0.0,0.0,0.0,0.0,0.0,0.0,0.0,412.0,0.0,0.0,0.0,0.0,0.0,0.0,0.0,0.0,0,0.0,0.0,awssra,0.0,0.0,0.0,0.0,0.0,0.0
iam,awssra-cfn-aws_sra_examples/solutions/security_lake/security_lake_org/templates/sra-security-lake-org-configuration-role.yaml-rConfigurationRole-sra-security-lake-org-policy-ram,0.0,0.0,0.0,0.0,0.0,0.0,0.0,512.0,0.0,0.0,0.0,0.0,0.0,0.0,0.0,0.0,0,0.0,0.0,awssra,0.0,0.0,0.0,0.0,0.0,0.0
iam,awssra-cfn-aws_sra_examples/solutions/security_lake/security_lake_org/templates/sra-security-lake-org-configuration-role.yaml-rConfigurationRole-sra-security-lake-org-policy-slr,0.0,0.0,0.0,0.0,0.0,0.0,0.0,193.0,0.0,1.0,0.0,0.0,0.0,0.0,0.0,0.0,0,0.0,0.0,awssra,0.0,0.0,0.0,0.0,0.0,0.0
iam,awssra-cfn-aws_sra_examples/solutions/security_lake/security_lake_org/templates/sra-security-lake-org-configuration-role.yaml-rConfigurationRole-assume,0.0,0.0,0.0,0.0,0.0,0.0,0.0,320.0,0.0,0.0,0.0,0.0,0.0,0.0,0.0,0.0,0,0.0,0.0,awssra,0.0,0.0,0.0,0.0,0.0,0.0
iam,awssra-cfn-aws_sra_examples/solutions/security_lake/security_lake_org/templates/sra-security-lake-query-subscriber-role.yaml-rQuerySubscriberRole-sra-security-lake-org-subscriber-policy-ram,0.0,0.0,0.0,0.0,0.0,0.0,0.0,473.0,0.0,1.0,0.0,0.0,0.0,0.0,0.0,0.0,0,0.0,0.0,awssra,0.0,0.0,0.0,0.0,0.0,0.0
iam,awssra-cfn-aws_sra_examples/solutions/security_lake/security_lake_org/templates/sra-security-lake-query-subscriber-role.yaml-rQuerySubscriberRole-sra-security-lake-org-subscriber-policy-glue,0.0,0.0,0.0,0.0,0.0,0.0,0.0,1799.0,0.0,0.0,0.0,0.0,0.0,0.0,0.0,0.0,0,0.0,0.0,awssra,0.0,0.0,0.0,0.0,0.0,0.0
iam,awssra-cfn-aws_sra_examples/solutions/patch_mgmt/patch_mgmt_org/templates/sra-patch_mgmt-configuration-role.yaml-rConfigurationRole-sra-patch-mgmt-passrole,0.0,0.0,0.0,0.0,0.0,0.0,1.0,332.0,0.0,0.0,0.0,0.0,0.0,0.0,0.0,0.0,0,0.0,0.0,awssra,0.0,0.0,0.0,0.0,0.0,0.0
iam,awssra-cfn-aws_sra_examples/solutions/patch_mgmt/patch_mgmt_org/templates/sra-patch_mgmt-configuration-role.yaml-rConfigurationRole-sra-patch-mgmt-ssm-general,0.0,0.0,0.0,0.0,0.0,0.0,0.0,711.0,0.0,1.0,0.0,0.0,0.0,0.0,0.0,0.0,0,0.0,0.0,awssra,0.0,0.0,0.0,0.0,0.0,0.0
iam,awssra-cfn-aws_sra_examples/solutions/patch_mgmt/patch_mgmt_org/templates/sra-patch_mgmt-configuration-role.yaml-rConfigurationRole-sra-patch-mgmt-policy-organizations,0.0,0.0,0.0,0.0,0.0,0.0,0.0,194.0,0.0,1.0,0.0,0.0,0.0,0.0,0.0,0.0,0,0.0,0.0,awssra,0.0,0.0,0.0,0.0,0.0,0.0
iam,awssra-cfn-aws_sra_examples/solutions/patch_mgmt/patch_mgmt_org/templates/sra-patch_mgmt-configuration-role.yaml-rConfigurationRole-assume,0.0,0.0,0.0,0.0,0.0,0.0,0.0,314.0,0.0,0.0,0.0,0.0,0.0,0.0,0.0,0.0,0,0.0,0.0,awssra,0.0,0.0,0.0,0.0,0.0,0.0
iam,awssra-cfn-aws_sra_examples/solutions/patch_mgmt/patch_mgmt_org/templates/sra-patch_mgmt-configuration-role.yaml-rSSMAutomationRole-sra-patch-mgmt-automation-passrole,0.0,0.0,0.0,0.0,0.0,0.0,1.0,210.0,0.0,0.0,0.0,0.0,0.0,0.0,0.0,0.0,0,0.0,0.0,awssra,0.0,0.0,0.0,0.0,0.0,0.0
iam,awssra-cfn-aws_sra_examples/solutions/patch_mgmt/patch_mgmt_org/templates/sra-patch_mgmt-configuration-role.yaml-rSSMAutomationRole-sra-patch-mgmt-lambda-automation-policy,0.0,0.0,0.0,0.0,0.0,0.0,0.0,151.0,0.0,0.0,0.0,0.0,0.0,0.0,0.0,0.0,0,0.0,0.0,awssra,0.0,0.0,0.0,0.0,0.0,0.0
iam,awssra-cfn-aws_sra_examples/solutions/patch_mgmt/patch_mgmt_org/templates/sra-patch_mgmt-configuration-role.yaml-rSSMAutomationRole-sra-patch-mgmt-automation-ec2-policy,0.0,0.0,0.0,0.0,0.0,0.0,0.0,529.0,0.0,1.0,0.0,0.0,0.0,0.0,0.0,0.0,0,0.0,0.0,awssra,0.0,0.0,0.0,0.0,0.0,0.0
iam,awssra-cfn-aws_sra_examples/solutions/patch_mgmt/patch_mgmt_org/templates/sra-patch_mgmt-configuration-role.yaml-rSSMAutomationRole-sra-patch-mgmt-ssm-automation-policy,0.0,0.0,0.0,0.0,1.0,1.0,0.0,95.0,1.0,1.0,0.0,0.0,0.0,0.0,0.0,0.0,0,0.0,0.0,awssra,0.0,0.0,0.0,0.0,0.0,0.0
iam,awssra-cfn-aws_sra_examples/solutions/patch_mgmt/patch_mgmt_org/templates/sra-patch_mgmt-configuration-role.yaml-rSSMAutomationRole-sra-patch-mgmt-automation-sns-policy,0.0,0.0,0.0,0.0,0.0,0.0,0.0,129.0,0.0,0.0,0.0,0.0,0.0,0.0,0.0,0.0,0,0.0,0.0,awssra,0.0,0.0,0.0,0.0,0.0,0.0
iam,awssra-cfn-aws_sra_examples/solutions/patch_mgmt/patch_mgmt_org/templates/sra-patch_mgmt-configuration-role.yaml-rSSMAutomationRole-assume,0.0,0.0,0.0,0.0,0.0,0.0,0.0,138.0,0.0,0.0,0.0,0.0,0.0,0.0,0.0,0.0,0,0.0,0.0,awssra,0.0,0.0,0.0,0.0,0.0,0.0
iam,awssra-cfn-aws_sra_examples/solutions/patch_mgmt/patch_mgmt_org/templates/sra-patch_mgmt-configuration.yaml-rPatchMgmtLambdaRole-sra-patch-mgmt-ssm-general,0.0,0.0,0.0,0.0,0.0,0.0,0.0,623.0,0.0,1.0,0.0,0.0,0.0,0.0,0.0,0.0,0,0.0,0.0,awssra,0.0,0.0,0.0,0.0,0.0,0.0
iam,awssra-cfn-aws_sra_examples/solutions/patch_mgmt/patch_mgmt_org/templates/sra-patch_mgmt-configuration.yaml-rPatchMgmtLambdaRole-sra-patch-mgmt-policy-cloudformation,0.0,0.0,0.0,0.0,0.0,0.0,0.0,247.0,0.0,0.0,0.0,0.0,0.0,0.0,0.0,0.0,0,0.0,0.0,awssra,0.0,0.0,0.0,0.0,0.0,0.0
iam,awssra-cfn-aws_sra_examples/solutions/patch_mgmt/patch_mgmt_org/templates/sra-patch_mgmt-configuration.yaml-rPatchMgmtLambdaRole-ssm-putaccess-patching,0.0,0.0,0.0,0.0,0.0,0.0,0.0,272.0,0.0,0.0,0.0,0.0,0.0,0.0,0.0,0.0,0,0.0,0.0,awssra,0.0,0.0,0.0,0.0,0.0,0.0
iam,awssra-cfn-aws_sra_examples/solutions/patch_mgmt/patch_mgmt_org/templates/sra-patch_mgmt-configuration.yaml-rPatchMgmtLambdaRole-sra-patch-mgmt-policy-iam,0.0,0.0,0.0,0.0,0.0,0.0,0.0,400.0,0.0,0.0,0.0,0.0,0.0,0.0,0.0,0.0,0,0.0,0.0,awssra,0.0,0.0,0.0,0.0,0.0,0.0
iam,awssra-cfn-aws_sra_examples/solutions/patch_mgmt/patch_mgmt_org/templates/sra-patch_mgmt-configuration.yaml-rPatchMgmtLambdaRole-sra-patch-mgmt-policy-logs,0.0,0.0,0.0,0.0,0.0,0.0,0.0,317.0,0.0,0.0,0.0,0.0,0.0,0.0,0.0,0.0,0,0.0,0.0,awssra,0.0,0.0,0.0,0.0,0.0,0.0
iam,awssra-cfn-aws_sra_examples/solutions/patch_mgmt/patch_mgmt_org/templates/sra-patch_mgmt-configuration.yaml-rPatchMgmtLambdaRole-sra-patch-mgmt-policy-organizations,0.0,0.0,0.0,0.0,0.0,0.0,0.0,290.0,0.0,1.0,0.0,0.0,0.0,0.0,0.0,0.0,0,0.0,0.0,awssra,0.0,0.0,0.0,0.0,0.0,0.0
iam,awssra-cfn-aws_sra_examples/solutions/patch_mgmt/patch_mgmt_org/templates/sra-patch_mgmt-configuration.yaml-rPatchMgmtLambdaRole-sra-patch-mgmt-policy-sqs,0.0,0.0,0.0,0.0,0.0,0.0,0.0,148.0,0.0,0.0,0.0,0.0,0.0,0.0,0.0,0.0,0,0.0,0.0,awssra,0.0,0.0,0.0,0.0,0.0,0.0
iam,awssra-cfn-aws_sra_examples/solutions/s3/s3_block_account_public_access/templates/sra-s3-block-account-public-access-role.yaml-rS3ConfigurationRole-sra-s3-block-account-public-access-policy,0.0,0.0,0.0,0.0,0.0,0.0,0.0,195.0,0.0,1.0,0.0,0.0,0.0,0.0,0.0,0.0,0,0.0,0.0,awssra,0.0,0.0,0.0,0.0,0.0,0.0
iam,awssra-cfn-aws_sra_examples/solutions/s3/s3_block_account_public_access/templates/sra-s3-block-account-public-access-role.yaml-rS3ConfigurationRole-assume,0.0,0.0,0.0,0.0,0.0,0.0,0.0,396.0,0.0,0.0,0.0,0.0,0.0,0.0,0.0,0.0,0,0.0,0.0,awssra,0.0,0.0,0.0,0.0,0.0,0.0
iam,awssra-cfn-aws_sra_examples/solutions/s3/s3_block_account_public_access/templates/sra-s3-block-account-public-access.yaml-rS3BlockAccountPublicAccessLambdaRole-sra-s3-block-account-public-access-policy-logs,0.0,0.0,0.0,0.0,0.0,0.0,0.0,335.0,0.0,0.0,0.0,0.0,0.0,0.0,0.0,0.0,0,0.0,0.0,awssra,0.0,0.0,0.0,0.0,0.0,0.0
iam,awssra-cfn-aws_sra_examples/solutions/s3/s3_block_account_public_access/templates/sra-s3-block-account-public-access.yaml-rS3BlockAccountPublicAccessLambdaRole-sra-s3-block-account-public-access-policy-organizations,0.0,0.0,0.0,0.0,0.0,0.0,0.0,390.0,0.0,1.0,0.0,0.0,0.0,0.0,0.0,0.0,0,0.0,0.0,awssra,0.0,0.0,0.0,0.0,0.0,0.0
iam,awssra-cfn-aws_sra_examples/solutions/s3/s3_block_account_public_access/templates/sra-s3-block-account-public-access.yaml-rS3BlockAccountPublicAccessLambdaRole-sra-s3-block-account-public-access-policy-sqs,0.0,0.0,0.0,0.0,0.0,0.0,0.0,165.0,0.0,0.0,0.0,0.0,0.0,0.0,0.0,0.0,0,0.0,0.0,awssra,0.0,0.0,0.0,0.0,0.0,0.0
iam,awssra-cfn-aws_sra_examples/solutions/macie/macie_org/templates/sra-macie-org-configuration.yaml-rMacieOrgLambdaRole-sra-macie-org-policy-organizations,0.0,0.0,0.0,0.0,0.0,0.0,0.0,890.0,0.0,1.0,0.0,0.0,0.0,0.0,0.0,0.0,0,0.0,0.0,awssra,0.0,0.0,0.0,0.0,0.0,0.0
iam,awssra-cfn-aws_sra_examples/solutions/macie/macie_org/templates/sra-macie-org-configuration.yaml-rMacieOrgLambdaRole-sra-macie-org-policy-macie,0.0,0.0,0.0,0.0,0.0,0.0,0.0,261.0,0.0,1.0,0.0,0.0,0.0,0.0,0.0,0.0,0,0.0,0.0,awssra,0.0,0.0,0.0,0.0,0.0,0.0
iam,awssra-cfn-aws_sra_examples/solutions/macie/macie_org/templates/sra-macie-org-configuration.yaml-rMacieOrgLambdaRole-sra-macie-org-policy-iam,0.0,0.0,0.0,0.0,0.0,0.0,0.0,1020.0,0.0,0.0,0.0,0.0,0.0,0.0,0.0,0.0,0,0.0,0.0,awssra,0.0,0.0,0.0,0.0,0.0,0.0
iam,awssra-cfn-aws_sra_examples/solutions/macie/macie_org/templates/sra-macie-org-configuration.yaml-rMacieOrgLambdaRole-sra-macie-org-policy-sns,0.0,0.0,0.0,0.0,0.0,0.0,0.0,137.0,0.0,0.0,0.0,0.0,0.0,0.0,0.0,0.0,0,0.0,0.0,awssra,0.0,0.0,0.0,0.0,0.0,0.0
iam,awssra-cfn-aws_sra_examples/solutions/macie/macie_org/templates/sra-macie-org-configuration.yaml-rMacieOrgLambdaRole-sra-macie-org-policy-sqs,0.0,0.0,0.0,0.0,0.0,0.0,0.0,147.0,0.0,0.0,0.0,0.0,0.0,0.0,0.0,0.0,0,0.0,0.0,awssra,0.0,0.0,0.0,0.0,0.0,0.0
iam,awssra-cfn-aws_sra_examples/solutions/macie/macie_org/templates/sra-macie-org-configuration-role.yaml-rMacieOrgConfigurationRole-sra-macie-org-policy-organizations,0.0,0.0,0.0,0.0,0.0,0.0,0.0,142.0,0.0,1.0,0.0,0.0,0.0,0.0,0.0,0.0,0,0.0,0.0,awssra,0.0,0.0,0.0,0.0,0.0,0.0
iam,awssra-cfn-aws_sra_examples/solutions/macie/macie_org/templates/sra-macie-org-configuration-role.yaml-rMacieOrgConfigurationRole-sra-macie-org-policy-macie,0.0,0.0,0.0,0.0,0.0,0.0,0.0,824.0,0.0,1.0,0.0,0.0,0.0,0.0,0.0,0.0,0,0.0,0.0,awssra,0.0,0.0,0.0,0.0,0.0,0.0
iam,awssra-cfn-aws_sra_examples/solutions/macie/macie_org/templates/sra-macie-org-configuration-role.yaml-rMacieOrgConfigurationRole-assume,0.0,0.0,0.0,0.0,0.0,0.0,0.0,311.0,0.0,0.0,0.0,0.0,0.0,0.0,0.0,0.0,0,0.0,0.0,awssra,0.0,0.0,0.0,0.0,0.0,0.0
s3,awssra-cfn-aws_sra_examples/solutions/macie/macie_org/templates/sra-macie-org-delivery-s3-bucket.yaml-rMacieOrgDeliveryS3Bucket,0.0,1.0,1.0,0.0,0.0,0.0,0.0,0.0,0.0,0.0,0.0,0.0,0.0,0.0,0.0,0.0,0,0.0,0.0,awssra,0.0,1.0,1.0,0.0,0.0,2.0
iam,awssra-cfn-aws_sra_examples/solutions/macie/macie_org/templates/sra-macie-org-disable-role.yaml-rDisableMacieRole-sra-macie-org-policy-disable,0.0,0.0,0.0,0.0,0.0,0.0,0.0,170.0,0.0,1.0,0.0,0.0,0.0,0.0,0.0,0.0,0,0.0,0.0,awssra,0.0,0.0,0.0,0.0,0.0,0.0
s3,awssra-cfn-aws_sra_examples/solutions/config/config_org/templates/sra-config-org-delivery-s3-bucket.yaml-rConfigDeliveryS3Bucket,0.0,1.0,1.0,0.0,0.0,0.0,0.0,0.0,0.0,0.0,0.0,0.0,0.0,0.0,0.0,0.0,0,0.0,0.0,awssra,0.0,1.0,1.0,0.0,0.0,2.0
s3,awssra-cfn-aws_sra_examples/solutions/config/config_conformance_pack_org/templates/sra-config-conformance-pack-org-delivery-bucket.yaml-rConformancePackBucket,0.0,1.0,1.0,0.0,0.0,0.0,0.0,0.0,0.0,0.0,0.0,0.0,0.0,0.0,0.0,0.0,0,0.0,0.0,awssra,0.0,1.0,1.0,0.0,0.0,2.0
s3,awssra-cfn-aws_sra_examples/solutions/cloudtrail/cloudtrail_org/templates/sra-cloudtrail-org-bucket.yaml-rOrgTrailBucket,0.0,1.0,1.0,0.0,0.0,0.0,0.0,0.0,0.0,0.0,0.0,0.0,0.0,0.0,0.0,0.0,0,0.0,0.0,awssra,0.0,1.0,1.0,0.0,0.0,2.0
s3,awssra-cfn-aws_sra_examples/solutions/common/common_prerequisites/templates/sra-common-prerequisites-staging-s3-bucket.yaml-rSRAStagingS3Bucket,0.0,1.0,1.0,0.0,0.0,0.0,0.0,0.0,0.0,0.0,0.0,0.0,0.0,0.0,0.0,0.0,0,0.0,0.0,awssra,0.0,1.0,1.0,0.0,0.0,2.0
s3,awssra-cfn-aws_sra_examples/solutions/guardduty/guardduty_org/templates/sra-guardduty-org-delivery-s3-bucket.yaml-rGuardDutyDeliveryS3Bucket,0.0,1.0,1.0,0.0,0.0,0.0,0.0,0.0,0.0,0.0,0.0,0.0,0.0,0.0,0.0,0.0,0,0.0,0.0,awssra,0.0,1.0,1.0,0.0,0.0,2.0
s3,awssra-cfn-aws_sra_examples/solutions/guardduty/guardduty_malware_protection_for_s3/templates/sra-guardduty-malware-protection-for-s3-main.yaml-rGuardDutyMalwareProtectedBucket,0.0,1.0,1.0,1.0,0.0,0.0,0.0,0.0,0.0,0.0,0.0,0.0,0.0,0.0,0.0,0.0,0,0.0,0.0,awssra,0.0,1.0,1.0,0.0,0.0,1.0
security_group,awssra-cfn-aws_sra_examples/solutions/firewall_manager/firewall_manager_org/templates/sra-firewall-manager-org-sg-policy.yaml-rSecurityGroupMaximumAllowedRules,0.0,0.0,0.0,0.0,0.0,0.0,0.0,0.0,0.0,0.0,2.0,0.0,1.0,0.0,0.0,0.0,0,0.0,0.0,awssra,0.0,0.0,0.0,0.0,0.0,0.0
s3,syn-misc-s3-no-encrypt-1,0.0,0.0,1.0,1.0,0.0,0.0,0.0,0.0,0.0,0.0,0.0,0.0,0.0,0.0,0.0,0.0,1,0.0,0.0,0,0.0,0.0,0.0,0.0,0.0,0.0
s3,syn-misc-s3-no-encrypt-2,0.0,0.0,1.0,1.0,0.0,0.0,0.0,0.0,0.0,0.0,0.0,0.0,0.0,0.0,0.0,0.0,1,0.0,0.0,0,0.0,0.0,0.0,0.0,0.0,0.0
s3,syn-misc-s3-no-version-1,0.0,1.0,0.0,1.0,0.0,0.0,0.0,0.0,0.0,0.0,0.0,0.0,0.0,0.0,0.0,0.0,1,0.0,0.0,0,0.0,0.0,0.0,0.0,0.0,0.0
s3,syn-misc-s3-no-version-2,0.0,1.0,0.0,1.0,0.0,0.0,0.0,0.0,0.0,0.0,0.0,0.0,0.0,0.0,0.0,0.0,1,0.0,0.0,0,0.0,0.0,0.0,0.0,0.0,0.0
s3,syn-misc-s3-no-logging-1,0.0,1.0,1.0,0.0,0.0,0.0,0.0,0.0,0.0,0.0,0.0,0.0,0.0,0.0,0.0,0.0,1,0.0,0.0,0,0.0,0.0,0.0,0.0,0.0,0.0
s3,syn-misc-s3-no-logging-2,0.0,1.0,1.0,0.0,0.0,0.0,0.0,0.0,0.0,0.0,0.0,0.0,0.0,0.0,0.0,0.0,1,0.0,0.0,0,0.0,0.0,0.0,0.0,0.0,0.0
s3,syn-misc-s3-public-1,1.0,1.0,1.0,1.0,0.0,0.0,0.0,0.0,0.0,0.0,0.0,0.0,0.0,0.0,0.0,0.0,1,0.0,0.0,0,0.0,0.0,0.0,0.0,0.0,0.0
s3,syn-misc-s3-public-2,1.0,0.0,1.0,1.0,0.0,0.0,0.0,0.0,0.0,0.0,0.0,0.0,0.0,0.0,0.0,0.0,1,0.0,0.0,0,0.0,0.0,0.0,0.0,0.0,0.0
s3,syn-misc-s3-multi-1,0.0,0.0,0.0,1.0,0.0,0.0,0.0,0.0,0.0,0.0,0.0,0.0,0.0,0.0,0.0,0.0,1,0.0,0.0,0,0.0,0.0,0.0,0.0,0.0,0.0
s3,syn-misc-s3-multi-2,0.0,1.0,0.0,0.0,0.0,0.0,0.0,0.0,0.0,0.0,0.0,0.0,0.0,0.0,0.0,0.0,1,0.0,0.0,0,0.0,0.0,0.0,0.0,0.0,0.0
s3,syn-misc-s3-multi-3,1.0,0.0,0.0,0.0,0.0,0.0,0.0,0.0,0.0,0.0,0.0,0.0,0.0,0.0,0.0,0.0,1,0.0,0.0,0,0.0,0.0,0.0,0.0,0.0,0.0
s3,syn-misc-s3-policy-wildcard-1,0.0,1.0,1.0,1.0,0.0,0.0,0.0,0.0,0.0,0.0,0.0,0.0,0.0,0.0,0.0,0.0,1,0.0,0.0,0,1.0,0.0,0.0,0.0,0.0,0.0
s3,syn-misc-s3-policy-wildcard-2,0.0,1.0,1.0,1.0,0.0,0.0,0.0,0.0,0.0,0.0,0.0,0.0,0.0,0.0,0.0,0.0,1,0.0,0.0,0,1.0,0.0,0.0,0.0,0.0,0.0
s3,syn-misc-s3-no-tls-1,0.0,1.0,1.0,1.0,0.0,0.0,0.0,0.0,0.0,0.0,0.0,0.0,0.0,0.0,0.0,0.0,1,0.0,0.0,0,0.0,0.0,0.0,0.0,0.0,0.0
s3,syn-misc-s3-no-tls-2,0.0,1.0,1.0,1.0,0.0,0.0,0.0,0.0,0.0,0.0,0.0,0.0,0.0,0.0,0.0,0.0,1,0.0,0.0,0,0.0,0.0,0.0,0.0,0.0,0.0
s3,syn-misc-s3-public-and-wildcard,1.0,0.0,0.0,0.0,0.0,0.0,0.0,0.0,0.0,0.0,0.0,0.0,0.0,0.0,0.0,0.0,1,0.0,0.0,0,1.0,0.0,0.0,0.0,0.0,0.0
s3,syn-secure-s3-1,0.0,1.0,1.0,1.0,0.0,0.0,0.0,0.0,0.0,0.0,0.0,0.0,0.0,0.0,0.0,0.0,0,0.0,0.0,0,0.0,1.0,1.0,0.0,0.0,0.0
s3,syn-secure-s3-2,0.0,1.0,1.0,1.0,0.0,0.0,0.0,0.0,0.0,0.0,0.0,0.0,0.0,0.0,0.0,0.0,0,0.0,0.0,0,0.0,1.0,1.0,0.0,0.0,0.0
s3,syn-secure-s3-3,0.0,1.0,1.0,1.0,0.0,0.0,0.0,0.0,0.0,0.0,0.0,0.0,0.0,0.0,0.0,0.0,0,0.0,0.0,0,0.0,1.0,1.0,0.0,0.0,0.0
s3,syn-secure-s3-4,0.0,1.0,1.0,1.0,0.0,0.0,0.0,0.0,0.0,0.0,0.0,0.0,0.0,0.0,0.0,0.0,0,0.0,0.0,0,0.0,1.0,1.0,0.0,0.0,0.0
s3,syn-secure-s3-5,0.0,1.0,1.0,1.0,0.0,0.0,0.0,0.0,0.0,0.0,0.0,0.0,0.0,0.0,0.0,0.0,0,0.0,0.0,0,0.0,1.0,1.0,0.0,0.0,0.0
s3,syn-secure-s3-6,0.0,1.0,1.0,1.0,0.0,0.0,0.0,0.0,0.0,0.0,0.0,0.0,0.0,0.0,0.0,0.0,0,0.0,0.0,0,0.0,1.0,1.0,0.0,0.0,0.0
s3,syn-secure-s3-7,0.0,1.0,1.0,1.0,0.0,0.0,0.0,0.0,0.0,0.0,0.0,0.0,0.0,0.0,0.0,0.0,0,0.0,0.0,0,0.0,1.0,1.0,0.0,0.0,0.0
s3,syn-secure-s3-8,0.0,1.0,1.0,1.0,0.0,0.0,0.0,0.0,0.0,0.0,0.0,0.0,0.0,0.0,0.0,0.0,0,0.0,0.0,0,0.0,1.0,1.0,0.0,0.0,0.0
s3,syn-secure-s3-9,0.0,1.0,1.0,1.0,0.0,0.0,0.0,0.0,0.0,0.0,0.0,0.0,0.0,0.0,0.0,0.0,0,0.0,0.0,0,0.0,1.0,1.0,0.0,0.0,0.0
s3,syn-secure-s3-10,0.0,1.0,1.0,1.0,0.0,0.0,0.0,0.0,0.0,0.0,0.0,0.0,0.0,0.0,0.0,0.0,0,0.0,0.0,0,0.0,1.0,1.0,0.0,0.0,0.0
iam,syn-misc-iam-wildcard-1,0.0,0.0,0.0,0.0,1.0,1.0,0.0,95.0,1.0,1.0,0.0,0.0,0.0,0.0,0.0,0.0,1,0.0,1.0,0,0.0,0.0,0.0,0.0,0.0,0.0
iam,syn-misc-iam-wildcard-2,0.0,0.0,0.0,0.0,1.0,1.0,0.0,110.0,1.0,1.0,0.0,0.0,0.0,0.0,0.0,0.0,1,0.0,1.0,0,0.0,0.0,0.0,0.0,0.0,0.0
iam,syn-misc-iam-wildcard-3,0.0,0.0,0.0,0.0,1.0,0.0,0.0,80.0,1.0,0.0,0.0,0.0,0.0,0.0,0.0,0.0,1,0.0,1.0,0,0.0,0.0,0.0,0.0,0.0,0.0
iam,syn-misc-iam-privesc-1,0.0,0.0,0.0,0.0,0.0,0.0,1.0,145.0,0.0,0.0,0.0,0.0,0.0,0.0,0.0,0.0,1,0.0,1.0,0,0.0,0.0,0.0,0.0,0.0,0.0
iam,syn-misc-iam-privesc-2,0.0,0.0,0.0,0.0,0.0,0.0,1.0,160.0,0.0,0.0,0.0,0.0,0.0,0.0,0.0,0.0,1,0.0,1.0,0,0.0,0.0,0.0,0.0,0.0,0.0
iam,syn-misc-iam-privesc-3,0.0,0.0,0.0,0.0,0.0,0.0,1.0,130.0,0.0,0.0,0.0,0.0,0.0,0.0,0.0,0.0,1,0.0,1.0,0,0.0,0.0,0.0,0.0,0.0,0.0
iam,syn-misc-iam-admin-1,0.0,0.0,0.0,0.0,1.0,1.0,1.0,200.0,1.0,1.0,0.0,0.0,0.0,0.0,0.0,0.0,1,0.0,1.0,0,0.0,0.0,0.0,0.0,0.0,0.0
iam,syn-misc-iam-admin-2,0.0,0.0,0.0,0.0,1.0,1.0,0.0,175.0,1.0,1.0,0.0,0.0,0.0,0.0,0.0,0.0,1,0.0,1.0,0,0.0,0.0,0.0,0.0,0.0,0.0
iam,syn-misc-iam-admin-3,0.0,0.0,0.0,0.0,1.0,1.0,1.0,220.0,1.0,1.0,0.0,0.0,0.0,0.0,0.0,0.0,1,0.0,1.0,0,0.0,0.0,0.0,0.0,0.0,0.0
iam,syn-misc-iam-wildcard-4,0.0,0.0,0.0,0.0,1.0,0.0,0.0,70.0,1.0,0.0,0.0,0.0,0.0,0.0,0.0,0.0,1,0.0,1.0,0,0.0,0.0,0.0,0.0,0.0,0.0
iam,syn-misc-iam-privesc-4,0.0,0.0,0.0,0.0,0.0,0.0,1.0,190.0,0.0,0.0,0.0,0.0,0.0,0.0,0.0,0.0,1,0.0,1.0,0,0.0,0.0,0.0,0.0,0.0,0.0
iam,syn-misc-iam-service-wild-1,0.0,0.0,0.0,0.0,0.0,0.0,0.0,140.0,0.0,0.0,0.0,0.0,0.0,0.0,0.0,0.0,1,1.0,1.0,0,0.0,0.0,0.0,0.0,0.0,0.0
iam,syn-misc-iam-service-wild-2,0.0,0.0,0.0,0.0,0.0,0.0,0.0,165.0,0.0,0.0,0.0,0.0,0.0,0.0,0.0,0.0,1,2.0,1.0,0,0.0,0.0,0.0,0.0,0.0,0.0
iam,syn-misc-iam-service-wild-3,0.0,0.0,0.0,0.0,0.0,0.0,0.0,180.0,0.0,0.0,0.0,0.0,0.0,0.0,0.0,0.0,1,3.0,1.0,0,0.0,0.0,0.0,0.0,0.0,0.0
iam,syn-secure-iam-1,0.0,0.0,0.0,0.0,0.0,0.0,0.0,107.0,0.0,0.0,0.0,0.0,0.0,0.0,0.0,0.0,0,0.0,0.0,0,0.0,0.0,0.0,0.0,0.0,0.0
iam,syn-secure-iam-2,0.0,0.0,0.0,0.0,0.0,0.0,0.0,119.0,0.0,0.0,0.0,0.0,0.0,0.0,0.0,0.0,0,0.0,0.0,0,0.0,0.0,0.0,0.0,0.0,0.0
iam,syn-secure-iam-3,0.0,0.0,0.0,0.0,0.0,0.0,0.0,131.0,0.0,0.0,0.0,0.0,0.0,0.0,0.0,0.0,0,0.0,0.0,0,0.0,0.0,0.0,0.0,0.0,0.0
iam,syn-secure-iam-4,0.0,0.0,0.0,0.0,0.0,0.0,0.0,143.0,0.0,0.0,0.0,0.0,0.0,0.0,0.0,0.0,0,0.0,0.0,0,0.0,0.0,0.0,0.0,0.0,0.0
iam,syn-secure-iam-5,0.0,0.0,0.0,0.0,0.0,0.0,0.0,155.0,0.0,0.0,0.0,0.0,0.0,0.0,0.0,0.0,0,0.0,0.0,0,0.0,0.0,0.0,0.0,0.0,0.0
iam,syn-secure-iam-6,0.0,0.0,0.0,0.0,0.0,0.0,0.0,167.0,0.0,0.0,0.0,0.0,0.0,0.0,0.0,0.0,0,0.0,0.0,0,0.0,0.0,0.0,0.0,0.0,0.0
iam,syn-secure-iam-7,0.0,0.0,0.0,0.0,0.0,0.0,0.0,179.0,0.0,0.0,0.0,0.0,0.0,0.0,0.0,0.0,0,0.0,0.0,0,0.0,0.0,0.0,0.0,0.0,0.0
iam,syn-secure-iam-8,0.0,0.0,0.0,0.0,0.0,0.0,0.0,191.0,0.0,0.0,0.0,0.0,0.0,0.0,0.0,0.0,0,0.0,0.0,0,0.0,0.0,0.0,0.0,0.0,0.0
iam,syn-secure-iam-9,0.0,0.0,0.0,0.0,0.0,0.0,0.0,203.0,0.0,0.0,0.0,0.0,0.0,0.0,0.0,0.0,0,0.0,0.0,0,0.0,0.0,0.0,0.0,0.0,0.0
iam,syn-secure-iam-10,0.0,0.0,0.0,0.0,0.0,0.0,0.0,215.0,0.0,0.0,0.0,0.0,0.0,0.0,0.0,0.0,0,0.0,0.0,0,0.0,0.0,0.0,0.0,0.0,0.0
security_group,syn-misc-sg-ssh-1,0.0,0.0,0.0,0.0,0.0,0.0,0.0,0.0,0.0,0.0,2.0,1.0,1.0,1.0,0.0,0.0,1,0.0,0.0,0,0.0,0.0,0.0,0.0,0.0,0.0
security_group,syn-misc-sg-ssh-2,0.0,0.0,0.0,0.0,0.0,0.0,0.0,0.0,0.0,0.0,1.0,1.0,1.0,1.0,0.0,0.0,1,0.0,0.0,0,0.0,0.0,0.0,0.0,0.0,0.0
security_group,syn-misc-sg-rdp-1,0.0,0.0,0.0,0.0,0.0,0.0,0.0,0.0,0.0,0.0,1.0,1.0,1.0,0.0,1.0,0.0,1,0.0,0.0,0,0.0,0.0,0.0,0.0,0.0,0.0
security_group,syn-misc-sg-rdp-2,0.0,0.0,0.0,0.0,0.0,0.0,0.0,0.0,0.0,0.0,2.0,1.0,1.0,0.0,1.0,0.0,1,0.0,0.0,0,0.0,0.0,0.0,0.0,0.0,0.0
security_group,syn-misc-sg-allports-1,0.0,0.0,0.0,0.0,0.0,0.0,0.0,0.0,0.0,0.0,1.0,1.0,1.0,1.0,1.0,1.0,1,0.0,0.0,0,0.0,0.0,0.0,0.0,0.0,0.0
security_group,syn-misc-sg-allports-2,0.0,0.0,0.0,0.0,0.0,0.0,0.0,0.0,0.0,0.0,1.0,0.0,1.0,0.0,0.0,1.0,1,0.0,0.0,0,0.0,0.0,0.0,0.0,0.0,0.0
security_group,syn-misc-sg-open-1,0.0,0.0,0.0,0.0,0.0,0.0,0.0,0.0,0.0,0.0,3.0,2.0,2.0,1.0,1.0,0.0,1,0.0,0.0,0,0.0,0.0,0.0,0.0,0.0,0.0
security_group,syn-misc-sg-open-2,0.0,0.0,0.0,0.0,0.0,0.0,0.0,0.0,0.0,0.0,2.0,1.0,2.0,1.0,0.0,0.0,1,0.0,0.0,0,0.0,0.0,0.0,0.0,0.0,0.0
security_group,syn-misc-sg-open-3,0.0,0.0,0.0,0.0,0.0,0.0,0.0,0.0,0.0,0.0,1.0,1.0,1.0,0.0,0.0,0.0,1,0.0,0.0,0,0.0,0.0,0.0,0.0,0.0,0.0
security_group,syn-misc-sg-mysql-open,0.0,0.0,0.0,0.0,0.0,0.0,0.0,0.0,0.0,0.0,1.0,1.0,1.0,0.0,0.0,0.0,1,0.0,0.0,0,0.0,0.0,0.0,1.0,0.0,0.0
security_group,syn-misc-sg-postgres-open,0.0,0.0,0.0,0.0,0.0,0.0,0.0,0.0,0.0,0.0,1.0,1.0,1.0,0.0,0.0,0.0,1,0.0,0.0,0,0.0,0.0,0.0,1.0,0.0,0.0
security_group,syn-misc-sg-multi-db-open,0.0,0.0,0.0,0.0,0.0,0.0,0.0,0.0,0.0,0.0,2.0,1.0,2.0,0.0,0.0,0.0,1,0.0,0.0,0,0.0,0.0,0.0,2.0,0.0,0.0
security_group,syn-misc-sg-mongo-redis,0.0,0.0,0.0,0.0,0.0,0.0,0.0,0.0,0.0,0.0,2.0,1.0,2.0,0.0,0.0,0.0,1,0.0,0.0,0,0.0,0.0,0.0,2.0,1.0,0.0
security_group,syn-misc-sg-egress-only,0.0,0.0,0.0,0.0,0.0,0.0,0.0,0.0,0.0,0.0,1.0,1.0,0.0,0.0,0.0,0.0,1,0.0,0.0,0,0.0,0.0,0.0,0.0,1.0,0.0
security_group,syn-secure-sg-1,0.0,0.0,0.0,0.0,0.0,0.0,0.0,0.0,0.0,0.0,1.0,1.0,0.0,0.0,0.0,0.0,0,0.0,0.0,0,0.0,0.0,0.0,0.0,0.0,0.0
security_group,syn-secure-sg-2,0.0,0.0,0.0,0.0,0.0,0.0,0.0,0.0,0.0,0.0,1.0,1.0,0.0,0.0,0.0,0.0,0,0.0,0.0,0,0.0,0.0,0.0,0.0,0.0,0.0
security_group,syn-secure-sg-3,0.0,0.0,0.0,0.0,0.0,0.0,0.0,0.0,0.0,0.0,1.0,1.0,0.0,0.0,0.0,0.0,0,0.0,0.0,0,0.0,0.0,0.0,0.0,0.0,0.0
security_group,syn-secure-sg-4,0.0,0.0,0.0,0.0,0.0,0.0,0.0,0.0,0.0,0.0,1.0,1.0,0.0,0.0,0.0,0.0,0,0.0,0.0,0,0.0,0.0,0.0,0.0,0.0,0.0
security_group,syn-secure-sg-5,0.0,0.0,0.0,0.0,0.0,0.0,0.0,0.0,0.0,0.0,1.0,1.0,0.0,0.0,0.0,0.0,0,0.0,0.0,0,0.0,0.0,0.0,0.0,0.0,0.0
security_group,syn-secure-sg-6,0.0,0.0,0.0,0.0,0.0,0.0,0.0,0.0,0.0,0.0,1.0,1.0,0.0,0.0,0.0,0.0,0,0.0,0.0,0,0.0,0.0,0.0,0.0,0.0,0.0
security_group,syn-secure-sg-7,0.0,0.0,0.0,0.0,0.0,0.0,0.0,0.0,0.0,0.0,1.0,1.0,0.0,0.0,0.0,0.0,0,0.0,0.0,0,0.0,0.0,0.0,0.0,0.0,0.0
security_group,syn-secure-sg-8,0.0,0.0,0.0,0.0,0.0,0.0,0.0,0.0,0.0,0.0,1.0,1.0,0.0,0.0,0.0,0.0,0,0.0,0.0,0,0.0,0.0,0.0,0.0,0.0,0.0
security_group,syn-secure-sg-9,0.0,0.0,0.0,0.0,0.0,0.0,0.0,0.0,0.0,0.0,1.0,1.0,0.0,0.0,0.0,0.0,0,0.0,0.0,0,0.0,0.0,0.0,0.0,0.0,0.0
security_group,syn-secure-sg-10,0.0,0.0,0.0,0.0,0.0,0.0,0.0,0.0,0.0,0.0,1.0,1.0,0.0,0.0,0.0,0.0,0,0.0,0.0,0,0.0,0.0,0.0,0.0,0.0,0.0
security_group,syn-secure-sg-11,0.0,0.0,0.0,0.0,0.0,0.0,0.0,0.0,0.0,0.0,1.0,1.0,0.0,0.0,0.0,0.0,0,0.0,0.0,0,0.0,0.0,0.0,0.0,0.0,0.0
security_group,syn-secure-sg-12,0.0,0.0,0.0,0.0,0.0,0.0,0.0,0.0,0.0,0.0,1.0,1.0,0.0,0.0,0.0,0.0,0,0.0,0.0,0,0.0,0.0,0.0,0.0,0.0,0.0
